00007BA3DEDF
02287B9FDEDF
04517B90DEDF
06797B78DEDF
08A07B56DEDF
0AC77B2BDEDF
0CEC7AF6DEDF
0F117AB8DEDF
11357A6FDEDF
13577A1EDEDF
157879C3DEDF
1797795EDEDF
19B578F0DEDF
1BD07878DEDF
1DE977F7DEDF
2000776DDEDF
221476D9DEDF
2426763CDEDF
26357596DEDF
284174E7DEDF
2A49742FDEDF
2C4F736DDEDF
2E5172A3DEDF
304F71CFDEDF
324A70F3DEDF
3440700EDEDF
36336F20DEDF
38216E2ADEDF
3A0B6D2BDEDF
3BF16C23DEDF
3DD26B13DEDF
3FAE69FBDEDF
418568DADEDF
435767B1DEDF
45236680DEDF
46EB6547DEDF
48AC6407DEDF
4A6862BEDEDF
4C1F616EDEDF
4DCF6016DEDF
4F795EB6DEDF
511D5D50DEDF
52BB5BE2DEDF
54525A6CDEDF
55E358F0DEDF
576D576DDEDF
58F055E3DEDF
5A6C5452DEDF
5BE252BBDEDF
5D50511DDEDF
5EB64F79DEDF
60164DCFDEDF
616E4C1FDEDF
62BE4A68DEDF
640748ACDEDF
654746EBDEDF
66804523DEDF
67B14357DEDF
68DA4185DEDF
69FB3FAEDEDF
6B133DD2DEDF
6C233BF1DEDF
6D2B3A0BDEDF
6E2A3821DEDF
6F203633DEDF
700E3440DEDF
70F3324ADEDF
71CF304FDEDF
72A32E51DEDF
736D2C4FDEDF
742F2A49DEDF
74E72841DEDF
75962635DEDF
763C2426DEDF
76D92214DEDF
776D2000DEDF
77F71DE9DEDF
78781BD0DEDF
78F019B5DEDF
795E1797DEDF
79C31578DEDF
7A1E1357DEDF
7A6F1135DEDF
7AB80F11DEDF
7AF60CECDEDF
7B2B0AC7DEDF
7B5608A0DEDF
7B780679DEDF
7B900451DEDF
7B9F0228DEDF
7BA30000DEDF
7B9FFDD8DEDF
7B90FBAFDEDF
7B78F987DEDF
7B56F760DEDF
7B2BF539DEDF
7AF6F314DEDF
7AB8F0EFDEDF
7A6FEECBDEDF
7A1EECA9DEDF
79C3EA88DEDF
795EE869DEDF
78F0E64BDEDF
7878E430DEDF
77F7E217DEDF
776DE000DEDF
76D9DDECDEDF
763CDBDADEDF
7596D9CBDEDF
74E7D7BFDEDF
742FD5B7DEDF
736DD3B1DEDF
72A3D1AFDEDF
71CFCFB1DEDF
70F3CDB6DEDF
700ECBC0DEDF
6F20C9CDDEDF
6E2AC7DFDEDF
6D2BC5F5DEDF
6C23C40FDEDF
6B13C22EDEDF
69FBC052DEDF
68DABE7BDEDF
67B1BCA9DEDF
6680BADDDEDF
6547B915DEDF
6407B754DEDF
62BEB598DEDF
616EB3E1DEDF
6016B231DEDF
5EB6B087DEDF
5D50AEE3DEDF
5BE2AD45DEDF
5A6CABAEDEDF
58F0AA1DDEDF
576DA893DEDF
55E3A710DEDF
5452A594DEDF
52BBA41EDEDF
511DA2B0DEDF
4F79A14ADEDF
4DCF9FEADEDF
4C1F9E92DEDF
4A689D42DEDF
48AC9BF9DEDF
46EB9AB9DEDF
45239980DEDF
4357984FDEDF
41859726DEDF
3FAE9605DEDF
3DD294EDDEDF
3BF193DDDEDF
3A0B92D5DEDF
382191D6DEDF
363390E0DEDF
34408FF2DEDF
324A8F0DDEDF
304F8E31DEDF
2E518D5DDEDF
2C4F8C93DEDF
2A498BD1DEDF
28418B19DEDF
26358A6ADEDF
242689C4DEDF
22148927DEDF
20008893DEDF
1DE98809DEDF
1BD08788DEDF
19B58710DEDF
179786A2DEDF
1578863DDEDF
135785E2DEDF
11358591DEDF
0F118548DEDF
0CEC850ADEDF
0AC784D5DEDF
08A084AADEDF
06798488DEDF
04518470DEDF
02288461DEDF
0000845DDEDF
FDD88461DEDF
FBAF8470DEDF
F9878488DEDF
F76084AADEDF
F53984D5DEDF
F314850ADEDF
F0EF8548DEDF
EECB8591DEDF
ECA985E2DEDF
EA88863DDEDF
E86986A2DEDF
E64B8710DEDF
E4308788DEDF
E2178809DEDF
E0008893DEDF
DDEC8927DEDF
DBDA89C4DEDF
D9CB8A6ADEDF
D7BF8B19DEDF
D5B78BD1DEDF
D3B18C93DEDF
D1AF8D5DDEDF
CFB18E31DEDF
CDB68F0DDEDF
CBC08FF2DEDF
C9CD90E0DEDF
C7DF91D6DEDF
C5F592D5DEDF
C40F93DDDEDF
C22E94EDDEDF
C0529605DEDF
BE7B9726DEDF
BCA9984FDEDF
BADD9980DEDF
B9159AB9DEDF
B7549BF9DEDF
B5989D42DEDF
B3E19E92DEDF
B2319FEADEDF
B087A14ADEDF
AEE3A2B0DEDF
AD45A41EDEDF
ABAEA594DEDF
AA1DA710DEDF
A893A893DEDF
A710AA1DDEDF
A594ABAEDEDF
A41EAD45DEDF
A2B0AEE3DEDF
A14AB087DEDF
9FEAB231DEDF
9E92B3E1DEDF
9D42B598DEDF
9BF9B754DEDF
9AB9B915DEDF
9980BADDDEDF
984FBCA9DEDF
9726BE7BDEDF
9605C052DEDF
94EDC22EDEDF
93DDC40FDEDF
92D5C5F5DEDF
91D6C7DFDEDF
90E0C9CDDEDF
8FF2CBC0DEDF
8F0DCDB6DEDF
8E31CFB1DEDF
8D5DD1AFDEDF
8C93D3B1DEDF
8BD1D5B7DEDF
8B19D7BFDEDF
8A6AD9CBDEDF
89C4DBDADEDF
8927DDECDEDF
8893E000DEDF
8809E217DEDF
8788E430DEDF
8710E64BDEDF
86A2E869DEDF
863DEA88DEDF
85E2ECA9DEDF
8591EECBDEDF
8548F0EFDEDF
850AF314DEDF
84D5F539DEDF
84AAF760DEDF
8488F987DEDF
8470FBAFDEDF
8461FDD8DEDF
845D0000DEDF
84610228DEDF
84700451DEDF
84880679DEDF
84AA08A0DEDF
84D50AC7DEDF
850A0CECDEDF
85480F11DEDF
85911135DEDF
85E21357DEDF
863D1578DEDF
86A21797DEDF
871019B5DEDF
87881BD0DEDF
88091DE9DEDF
88932000DEDF
89272214DEDF
89C42426DEDF
8A6A2635DEDF
8B192841DEDF
8BD12A49DEDF
8C932C4FDEDF
8D5D2E51DEDF
8E31304FDEDF
8F0D324ADEDF
8FF23440DEDF
90E03633DEDF
91D63821DEDF
92D53A0BDEDF
93DD3BF1DEDF
94ED3DD2DEDF
96053FAEDEDF
97264185DEDF
984F4357DEDF
99804523DEDF
9AB946EBDEDF
9BF948ACDEDF
9D424A68DEDF
9E924C1FDEDF
9FEA4DCFDEDF
A14A4F79DEDF
A2B0511DDEDF
A41E52BBDEDF
A5945452DEDF
A71055E3DEDF
A893576DDEDF
AA1D58F0DEDF
ABAE5A6CDEDF
AD455BE2DEDF
AEE35D50DEDF
B0875EB6DEDF
B2316016DEDF
B3E1616EDEDF
B59862BEDEDF
B7546407DEDF
B9156547DEDF
BADD6680DEDF
BCA967B1DEDF
BE7B68DADEDF
C05269FBDEDF
C22E6B13DEDF
C40F6C23DEDF
C5F56D2BDEDF
C7DF6E2ADEDF
C9CD6F20DEDF
CBC0700EDEDF
CDB670F3DEDF
CFB171CFDEDF
D1AF72A3DEDF
D3B1736DDEDF
D5B7742FDEDF
D7BF74E7DEDF
D9CB7596DEDF
DBDA763CDEDF
DDEC76D9DEDF
E000776DDEDF
E21777F7DEDF
E4307878DEDF
E64B78F0DEDF
E869795EDEDF
EA8879C3DEDF
ECA97A1EDEDF
EECB7A6FDEDF
F0EF7AB8DEDF
F3147AF6DEDF
F5397B2BDEDF
F7607B56DEDF
F9877B78DEDF
FBAF7B90DEDF
FDD87B9FDEDF
000000000000
000000000000
000000000000
000000000000
000000000000
000000000000
000000000000
000000000000
000000000000
000000000000
000000000000
000000000000
000000000000
000000000000
000000000000
000000000000
000000000000
000000000000
000000000000
000000000000
000000000000
000000000000
000000000000
000000000000
000000000000
000000000000
000000000000
000000000000
000000000000
000000000000
000000000000
000000000000
000000000000
000000000000
000000000000
000000000000
000000000000
000000000000
000000000000
000000000000
000000000000
000000000000
000000000000
000000000000
000000000000
000000000000
000000000000
000000000000
000000000000
000000000000
000000000000
000000000000
000000000000
000000000000
000000000000
000000000000
000000000000
000000000000
000000000000
000000000000
000000000000
000000000000
000000000000
000000000000
000000000000
000000000000
000000000000
000000000000
000000000000
000000000000
000000000000
000000000000
000000000000
000000000000
000000000000
000000000000
000000000000
000000000000
000000000000
000000000000
000000000000
000000000000
000000000000
000000000000
000000000000
000000000000
000000000000
000000000000
000000000000
000000000000
000000000000
000000000000
000000000000
000000000000
000000000000
000000000000
000000000000
000000000000
000000000000
000000000000
000000000000
000000000000
000000000000
000000000000
000000000000
000000000000
000000000000
000000000000
000000000000
000000000000
000000000000
000000000000
000000000000
000000000000
000000000000
000000000000
000000000000
000000000000
000000000000
000000000000
000000000000
000000000000
000000000000
000000000000
000000000000
000000000000
000000000000
000000000000
000000000000
000000000000
000000000000
000000000000
000000000000
000000000000
000000000000
000000000000
000000000000
000000000000
000000000000
000000000000
000000000000
000000000000
000000000000
000000000000
000000000000
000000000000
000000000000
000000000000
000000000000
000000000000
000000000000
000000000000
00007FFB023C
023C7FF6023C
04777FE7023C
06B37FCE023C
08ED7FAB023C
0B277F7E023C
0D617F48023C
0F997F07023C
11D07EBC023C
14057E68023C
16397E09023C
186B7DA1023C
1A9C7D2F023C
1CCA7CB3023C
1EF67C2E023C
21207B9F023C
23477B06023C
256B7A63023C
278C79B7023C
29AB7902023C
2BC67843023C
2DDD777B023C
2FF176A9023C
320275CF023C
340E74EA023C
361673FD023C
381A7307023C
3A1A7208023C
3C157100023C
3E0C6FEF023C
3FFE6ED6023C
41EA6DB3023C
43D26C89023C
45B46B55023C
47916A1A023C
496868D6023C
4B3A678A023C
4D056636023C
4ECB64DA023C
508A6376023C
5244620A023C
53F66097023C
55A35F1C023C
57485D99023C
58E75C10023C
5A7F5A7F023C
5C1058E7023C
5D995748023C
5F1C55A3023C
609753F6023C
620A5244023C
6376508A023C
64DA4ECB023C
66364D05023C
678A4B3A023C
68D64968023C
6A1A4791023C
6B5545B4023C
6C8943D2023C
6DB341EA023C
6ED63FFE023C
6FEF3E0C023C
71003C15023C
72083A1A023C
7307381A023C
73FD3616023C
74EA340E023C
75CF3202023C
76A92FF1023C
777B2DDD023C
78432BC6023C
790229AB023C
79B7278C023C
7A63256B023C
7B062347023C
7B9F2120023C
7C2E1EF6023C
7CB31CCA023C
7D2F1A9C023C
7DA1186B023C
7E091639023C
7E681405023C
7EBC11D0023C
7F070F99023C
7F480D61023C
7F7E0B27023C
7FAB08ED023C
7FCE06B3023C
7FE70477023C
7FF6023C023C
7FFB0000023C
7FF6FDC4023C
7FE7FB89023C
7FCEF94D023C
7FABF713023C
7F7EF4D9023C
7F48F29F023C
7F07F067023C
7EBCEE30023C
7E68EBFB023C
7E09E9C7023C
7DA1E795023C
7D2FE564023C
7CB3E336023C
7C2EE10A023C
7B9FDEE0023C
7B06DCB9023C
7A63DA95023C
79B7D874023C
7902D655023C
7843D43A023C
777BD223023C
76A9D00F023C
75CFCDFE023C
74EACBF2023C
73FDC9EA023C
7307C7E6023C
7208C5E6023C
7100C3EB023C
6FEFC1F4023C
6ED6C002023C
6DB3BE16023C
6C89BC2E023C
6B55BA4C023C
6A1AB86F023C
68D6B698023C
678AB4C6023C
6636B2FB023C
64DAB135023C
6376AF76023C
620AADBC023C
6097AC0A023C
5F1CAA5D023C
5D99A8B8023C
5C10A719023C
5A7FA581023C
58E7A3F0023C
5748A267023C
55A3A0E4023C
53F69F69023C
52449DF6023C
508A9C8A023C
4ECB9B26023C
4D0599CA023C
4B3A9876023C
4968972A023C
479195E6023C
45B494AB023C
43D29377023C
41EA924D023C
3FFE912A023C
3E0C9011023C
3C158F00023C
3A1A8DF8023C
381A8CF9023C
36168C03023C
340E8B16023C
32028A31023C
2FF18957023C
2DDD8885023C
2BC687BD023C
29AB86FE023C
278C8649023C
256B859D023C
234784FA023C
21208461023C
1EF683D2023C
1CCA834D023C
1A9C82D1023C
186B825F023C
163981F7023C
14058198023C
11D08144023C
0F9980F9023C
0D6180B8023C
0B278082023C
08ED8055023C
06B38032023C
04778019023C
023C800A023C
00008005023C
FDC4800A023C
FB898019023C
F94D8032023C
F7138055023C
F4D98082023C
F29F80B8023C
F06780F9023C
EE308144023C
EBFB8198023C
E9C781F7023C
E795825F023C
E56482D1023C
E336834D023C
E10A83D2023C
DEE08461023C
DCB984FA023C
DA95859D023C
D8748649023C
D65586FE023C
D43A87BD023C
D2238885023C
D00F8957023C
CDFE8A31023C
CBF28B16023C
C9EA8C03023C
C7E68CF9023C
C5E68DF8023C
C3EB8F00023C
C1F49011023C
C002912A023C
BE16924D023C
BC2E9377023C
BA4C94AB023C
B86F95E6023C
B698972A023C
B4C69876023C
B2FB99CA023C
B1359B26023C
AF769C8A023C
ADBC9DF6023C
AC0A9F69023C
AA5DA0E4023C
A8B8A267023C
A719A3F0023C
A581A581023C
A3F0A719023C
A267A8B8023C
A0E4AA5D023C
9F69AC0A023C
9DF6ADBC023C
9C8AAF76023C
9B26B135023C
99CAB2FB023C
9876B4C6023C
972AB698023C
95E6B86F023C
94ABBA4C023C
9377BC2E023C
924DBE16023C
912AC002023C
9011C1F4023C
8F00C3EB023C
8DF8C5E6023C
8CF9C7E6023C
8C03C9EA023C
8B16CBF2023C
8A31CDFE023C
8957D00F023C
8885D223023C
87BDD43A023C
86FED655023C
8649D874023C
859DDA95023C
84FADCB9023C
8461DEE0023C
83D2E10A023C
834DE336023C
82D1E564023C
825FE795023C
81F7E9C7023C
8198EBFB023C
8144EE30023C
80F9F067023C
80B8F29F023C
8082F4D9023C
8055F713023C
8032F94D023C
8019FB89023C
800AFDC4023C
80050000023C
800A023C023C
80190477023C
803206B3023C
805508ED023C
80820B27023C
80B80D61023C
80F90F99023C
814411D0023C
81981405023C
81F71639023C
825F186B023C
82D11A9C023C
834D1CCA023C
83D21EF6023C
84612120023C
84FA2347023C
859D256B023C
8649278C023C
86FE29AB023C
87BD2BC6023C
88852DDD023C
89572FF1023C
8A313202023C
8B16340E023C
8C033616023C
8CF9381A023C
8DF83A1A023C
8F003C15023C
90113E0C023C
912A3FFE023C
924D41EA023C
937743D2023C
94AB45B4023C
95E64791023C
972A4968023C
98764B3A023C
99CA4D05023C
9B264ECB023C
9C8A508A023C
9DF65244023C
9F6953F6023C
A0E455A3023C
A2675748023C
A3F058E7023C
A5815A7F023C
A7195C10023C
A8B85D99023C
AA5D5F1C023C
AC0A6097023C
ADBC620A023C
AF766376023C
B13564DA023C
B2FB6636023C
B4C6678A023C
B69868D6023C
B86F6A1A023C
BA4C6B55023C
BC2E6C89023C
BE166DB3023C
C0026ED6023C
C1F46FEF023C
C3EB7100023C
C5E67208023C
C7E67307023C
C9EA73FD023C
CBF274EA023C
CDFE75CF023C
D00F76A9023C
D223777B023C
D43A7843023C
D6557902023C
D87479B7023C
DA957A63023C
DCB97B06023C
DEE07B9F023C
E10A7C2E023C
E3367CB3023C
E5647D2F023C
E7957DA1023C
E9C77E09023C
EBFB7E68023C
EE307EBC023C
F0677F07023C
F29F7F48023C
F4D97F7E023C
F7137FAB023C
F94D7FCE023C
FB897FE7023C
FDC47FF6023C
000000000000
000000000000
000000000000
000000000000
000000000000
000000000000
000000000000
000000000000
000000000000
000000000000
000000000000
000000000000
000000000000
000000000000
000000000000
000000000000
000000000000
000000000000
000000000000
000000000000
000000000000
000000000000
000000000000
000000000000
000000000000
000000000000
000000000000
000000000000
000000000000
000000000000
000000000000
000000000000
000000000000
000000000000
000000000000
000000000000
000000000000
000000000000
000000000000
000000000000
000000000000
000000000000
000000000000
000000000000
000000000000
000000000000
000000000000
000000000000
000000000000
000000000000
000000000000
000000000000
000000000000
000000000000
000000000000
000000000000
000000000000
000000000000
000000000000
000000000000
000000000000
000000000000
000000000000
000000000000
000000000000
000000000000
000000000000
000000000000
000000000000
000000000000
000000000000
000000000000
000000000000
000000000000
000000000000
000000000000
000000000000
000000000000
000000000000
000000000000
000000000000
000000000000
000000000000
000000000000
000000000000
000000000000
000000000000
000000000000
000000000000
000000000000
000000000000
000000000000
000000000000
000000000000
000000000000
000000000000
000000000000
000000000000
000000000000
000000000000
000000000000
000000000000
000000000000
000000000000
000000000000
000000000000
000000000000
000000000000
000000000000
000000000000
000000000000
000000000000
000000000000
000000000000
000000000000
000000000000
000000000000
000000000000
000000000000
000000000000
000000000000
000000000000
000000000000
000000000000
000000000000
000000000000
000000000000
000000000000
000000000000
000000000000
000000000000
000000000000
000000000000
000000000000
000000000000
000000000000
000000000000
000000000000
000000000000
000000000000
000000000000
000000000000
000000000000
000000000000
000000000000
000000000000
000000000000
000000000000
000000000000
000000000000
000000000000
000000000000
00007CB8E335
022D7CB3E335
045A7CA5E335
06877C8CE335
08B37C6AE335
0ADF7C3FE335
0D097C09E335
0F337BCAE335
115C7B81E335
13837B2FE335
15A87AD3E335
17CC7A6EE335
19EE79FEE335
1C0E7986E335
1E2C7904E335
20487878E335
226177E3E335
24777745E335
268A769DE335
289B75EDE335
2AA87533E335
2CB27470E335
2EB873A3E335
30BB72CEE335
32BA71F0E335
34B57109E335
36AC7019E335
389F6F20E335
3A8D6E1FE335
3C776D15E335
3E5C6C03E335
403C6AE8E335
421769C5E335
43ED6899E335
45BE6766E335
4789662AE335
494F64E6E335
4B0F639BE335
4CC96248E335
4E7D60EDE335
502B5F8AE335
51D35E20E335
53745CAFE335
550F5B37E335
56A359B7E335
58315831E335
59B756A3E335
5B37550FE335
5CAF5374E335
5E2051D3E335
5F8A502BE335
60ED4E7DE335
62484CC9E335
639B4B0FE335
64E6494FE335
662A4789E335
676645BEE335
689943EDE335
69C54217E335
6AE8403CE335
6C033E5CE335
6D153C77E335
6E1F3A8DE335
6F20389FE335
701936ACE335
710934B5E335
71F032BAE335
72CE30BBE335
73A32EB8E335
74702CB2E335
75332AA8E335
75ED289BE335
769D268AE335
77452477E335
77E32261E335
78782048E335
79041E2CE335
79861C0EE335
79FE19EEE335
7A6E17CCE335
7AD315A8E335
7B2F1383E335
7B81115CE335
7BCA0F33E335
7C090D09E335
7C3F0ADFE335
7C6A08B3E335
7C8C0687E335
7CA5045AE335
7CB3022DE335
7CB80000E335
7CB3FDD3E335
7CA5FBA6E335
7C8CF979E335
7C6AF74DE335
7C3FF521E335
7C09F2F7E335
7BCAF0CDE335
7B81EEA4E335
7B2FEC7DE335
7AD3EA58E335
7A6EE834E335
79FEE612E335
7986E3F2E335
7904E1D4E335
7878DFB8E335
77E3DD9FE335
7745DB89E335
769DD976E335
75EDD765E335
7533D558E335
7470D34EE335
73A3D148E335
72CECF45E335
71F0CD46E335
7109CB4BE335
7019C954E335
6F20C761E335
6E1FC573E335
6D15C389E335
6C03C1A4E335
6AE8BFC4E335
69C5BDE9E335
6899BC13E335
6766BA42E335
662AB877E335
64E6B6B1E335
639BB4F1E335
6248B337E335
60EDB183E335
5F8AAFD5E335
5E20AE2DE335
5CAFAC8CE335
5B37AAF1E335
59B7A95DE335
5831A7CFE335
56A3A649E335
550FA4C9E335
5374A351E335
51D3A1E0E335
502BA076E335
4E7D9F13E335
4CC99DB8E335
4B0F9C65E335
494F9B1AE335
478999D6E335
45BE989AE335
43ED9767E335
4217963BE335
403C9518E335
3E5C93FDE335
3C7792EBE335
3A8D91E1E335
389F90E0E335
36AC8FE7E335
34B58EF7E335
32BA8E10E335
30BB8D32E335
2EB88C5DE335
2CB28B90E335
2AA88ACDE335
289B8A13E335
268A8963E335
247788BBE335
2261881DE335
20488788E335
1E2C86FCE335
1C0E867AE335
19EE8602E335
17CC8592E335
15A8852DE335
138384D1E335
115C847FE335
0F338436E335
0D0983F7E335
0ADF83C1E335
08B38396E335
06878374E335
045A835BE335
022D834DE335
00008348E335
FDD3834DE335
FBA6835BE335
F9798374E335
F74D8396E335
F52183C1E335
F2F783F7E335
F0CD8436E335
EEA4847FE335
EC7D84D1E335
EA58852DE335
E8348592E335
E6128602E335
E3F2867AE335
E1D486FCE335
DFB88788E335
DD9F881DE335
DB8988BBE335
D9768963E335
D7658A13E335
D5588ACDE335
D34E8B90E335
D1488C5DE335
CF458D32E335
CD468E10E335
CB4B8EF7E335
C9548FE7E335
C76190E0E335
C57391E1E335
C38992EBE335
C1A493FDE335
BFC49518E335
BDE9963BE335
BC139767E335
BA42989AE335
B87799D6E335
B6B19B1AE335
B4F19C65E335
B3379DB8E335
B1839F13E335
AFD5A076E335
AE2DA1E0E335
AC8CA351E335
AAF1A4C9E335
A95DA649E335
A7CFA7CFE335
A649A95DE335
A4C9AAF1E335
A351AC8CE335
A1E0AE2DE335
A076AFD5E335
9F13B183E335
9DB8B337E335
9C65B4F1E335
9B1AB6B1E335
99D6B877E335
989ABA42E335
9767BC13E335
963BBDE9E335
9518BFC4E335
93FDC1A4E335
92EBC389E335
91E1C573E335
90E0C761E335
8FE7C954E335
8EF7CB4BE335
8E10CD46E335
8D32CF45E335
8C5DD148E335
8B90D34EE335
8ACDD558E335
8A13D765E335
8963D976E335
88BBDB89E335
881DDD9FE335
8788DFB8E335
86FCE1D4E335
867AE3F2E335
8602E612E335
8592E834E335
852DEA58E335
84D1EC7DE335
847FEEA4E335
8436F0CDE335
83F7F2F7E335
83C1F521E335
8396F74DE335
8374F979E335
835BFBA6E335
834DFDD3E335
83480000E335
834D022DE335
835B045AE335
83740687E335
839608B3E335
83C10ADFE335
83F70D09E335
84360F33E335
847F115CE335
84D11383E335
852D15A8E335
859217CCE335
860219EEE335
867A1C0EE335
86FC1E2CE335
87882048E335
881D2261E335
88BB2477E335
8963268AE335
8A13289BE335
8ACD2AA8E335
8B902CB2E335
8C5D2EB8E335
8D3230BBE335
8E1032BAE335
8EF734B5E335
8FE736ACE335
90E0389FE335
91E13A8DE335
92EB3C77E335
93FD3E5CE335
9518403CE335
963B4217E335
976743EDE335
989A45BEE335
99D64789E335
9B1A494FE335
9C654B0FE335
9DB84CC9E335
9F134E7DE335
A076502BE335
A1E051D3E335
A3515374E335
A4C9550FE335
A64956A3E335
A7CF5831E335
A95D59B7E335
AAF15B37E335
AC8C5CAFE335
AE2D5E20E335
AFD55F8AE335
B18360EDE335
B3376248E335
B4F1639BE335
B6B164E6E335
B877662AE335
BA426766E335
BC136899E335
BDE969C5E335
BFC46AE8E335
C1A46C03E335
C3896D15E335
C5736E1FE335
C7616F20E335
C9547019E335
CB4B7109E335
CD4671F0E335
CF4572CEE335
D14873A3E335
D34E7470E335
D5587533E335
D76575EDE335
D976769DE335
DB897745E335
DD9F77E3E335
DFB87878E335
E1D47904E335
E3F27986E335
E61279FEE335
E8347A6EE335
EA587AD3E335
EC7D7B2FE335
EEA47B81E335
F0CD7BCAE335
F2F77C09E335
F5217C3FE335
F74D7C6AE335
F9797C8CE335
FBA67CA5E335
FDD37CB3E335
000000000000
000000000000
000000000000
000000000000
000000000000
000000000000
000000000000
000000000000
000000000000
000000000000
000000000000
000000000000
000000000000
000000000000
000000000000
000000000000
000000000000
000000000000
000000000000
000000000000
000000000000
000000000000
000000000000
000000000000
000000000000
000000000000
000000000000
000000000000
000000000000
000000000000
000000000000
000000000000
000000000000
000000000000
000000000000
000000000000
000000000000
000000000000
000000000000
000000000000
000000000000
000000000000
000000000000
000000000000
000000000000
000000000000
000000000000
000000000000
000000000000
000000000000
000000000000
000000000000
000000000000
000000000000
000000000000
000000000000
000000000000
000000000000
000000000000
000000000000
000000000000
000000000000
000000000000
000000000000
000000000000
000000000000
000000000000
000000000000
000000000000
000000000000
000000000000
000000000000
000000000000
000000000000
000000000000
000000000000
000000000000
000000000000
000000000000
000000000000
000000000000
000000000000
000000000000
000000000000
000000000000
000000000000
000000000000
000000000000
000000000000
000000000000
000000000000
000000000000
000000000000
000000000000
000000000000
000000000000
000000000000
000000000000
000000000000
000000000000
000000000000
000000000000
000000000000
000000000000
000000000000
000000000000
000000000000
000000000000
000000000000
000000000000
000000000000
000000000000
000000000000
000000000000
000000000000
000000000000
000000000000
000000000000
000000000000
000000000000
000000000000
000000000000
000000000000
000000000000
000000000000
000000000000
000000000000
000000000000
000000000000
000000000000
000000000000
000000000000
000000000000
000000000000
000000000000
000000000000
000000000000
000000000000
000000000000
000000000000
000000000000
000000000000
000000000000
000000000000
000000000000
000000000000
000000000000
000000000000
000000000000
000000000000
000000000000
000000000000
00007FD306B3
023B7FCE06B3
04767FBF06B3
06B17FA606B3
08EB7F8306B3
0B247F5706B3
0D5C7F2006B3
0F947EDF06B3
11CA7E9506B3
13FF7E4006B3
16327DE206B3
18647D7A06B3
1A947D0806B3
1CC17C8C06B3
1EEC7C0706B3
21157B7806B3
233C7ADF06B3
255F7A3D06B3
2780799206B3
299E78DC06B3
2BB8781E06B3
2DCF775606B3
2FE2768406B3
31F275AA06B3
33FE74C606B3
360573D906B3
380972E306B3
3A0871E406B3
3C0370DD06B3
3DF86FCC06B3
3FEA6EB306B3
41D66D9106B3
43BD6C6706B3
459E6B3406B3
477B69F906B3
495168B506B3
4B22676A06B3
4CED661606B3
4EB264BA06B3
5071635706B3
522A61EB06B3
53DC607806B3
55885EFE06B3
572D5D7C06B3
58CB5BF306B3
5A635A6306B3
5BF358CB06B3
5D7C572D06B3
5EFE558806B3
607853DC06B3
61EB522A06B3
6357507106B3
64BA4EB206B3
66164CED06B3
676A4B2206B3
68B5495106B3
69F9477B06B3
6B34459E06B3
6C6743BD06B3
6D9141D606B3
6EB33FEA06B3
6FCC3DF806B3
70DD3C0306B3
71E43A0806B3
72E3380906B3
73D9360506B3
74C633FE06B3
75AA31F206B3
76842FE206B3
77562DCF06B3
781E2BB806B3
78DC299E06B3
7992278006B3
7A3D255F06B3
7ADF233C06B3
7B78211506B3
7C071EEC06B3
7C8C1CC106B3
7D081A9406B3
7D7A186406B3
7DE2163206B3
7E4013FF06B3
7E9511CA06B3
7EDF0F9406B3
7F200D5C06B3
7F570B2406B3
7F8308EB06B3
7FA606B106B3
7FBF047606B3
7FCE023B06B3
7FD3000006B3
7FCEFDC506B3
7FBFFB8A06B3
7FA6F94F06B3
7F83F71506B3
7F57F4DC06B3
7F20F2A406B3
7EDFF06C06B3
7E95EE3606B3
7E40EC0106B3
7DE2E9CE06B3
7D7AE79C06B3
7D08E56C06B3
7C8CE33F06B3
7C07E11406B3
7B78DEEB06B3
7ADFDCC406B3
7A3DDAA106B3
7992D88006B3
78DCD66206B3
781ED44806B3
7756D23106B3
7684D01E06B3
75AACE0E06B3
74C6CC0206B3
73D9C9FB06B3
72E3C7F706B3
71E4C5F806B3
70DDC3FD06B3
6FCCC20806B3
6EB3C01606B3
6D91BE2A06B3
6C67BC4306B3
6B34BA6206B3
69F9B88506B3
68B5B6AF06B3
676AB4DE06B3
6616B31306B3
64BAB14E06B3
6357AF8F06B3
61EBADD606B3
6078AC2406B3
5EFEAA7806B3
5D7CA8D306B3
5BF3A73506B3
5A63A59D06B3
58CBA40D06B3
572DA28406B3
5588A10206B3
53DC9F8806B3
522A9E1506B3
50719CA906B3
4EB29B4606B3
4CED99EA06B3
4B22989606B3
4951974B06B3
477B960706B3
459E94CC06B3
43BD939906B3
41D6926F06B3
3FEA914D06B3
3DF8903406B3
3C038F2306B3
3A088E1C06B3
38098D1D06B3
36058C2706B3
33FE8B3A06B3
31F28A5606B3
2FE2897C06B3
2DCF88AA06B3
2BB887E206B3
299E872406B3
2780866E06B3
255F85C306B3
233C852106B3
2115848806B3
1EEC83F906B3
1CC1837406B3
1A9482F806B3
1864828606B3
1632821E06B3
13FF81C006B3
11CA816B06B3
0F94812106B3
0D5C80E006B3
0B2480A906B3
08EB807D06B3
06B1805A06B3
0476804106B3
023B803206B3
0000802D06B3
FDC5803206B3
FB8A804106B3
F94F805A06B3
F715807D06B3
F4DC80A906B3
F2A480E006B3
F06C812106B3
EE36816B06B3
EC0181C006B3
E9CE821E06B3
E79C828606B3
E56C82F806B3
E33F837406B3
E11483F906B3
DEEB848806B3
DCC4852106B3
DAA185C306B3
D880866E06B3
D662872406B3
D44887E206B3
D23188AA06B3
D01E897C06B3
CE0E8A5606B3
CC028B3A06B3
C9FB8C2706B3
C7F78D1D06B3
C5F88E1C06B3
C3FD8F2306B3
C208903406B3
C016914D06B3
BE2A926F06B3
BC43939906B3
BA6294CC06B3
B885960706B3
B6AF974B06B3
B4DE989606B3
B31399EA06B3
B14E9B4606B3
AF8F9CA906B3
ADD69E1506B3
AC249F8806B3
AA78A10206B3
A8D3A28406B3
A735A40D06B3
A59DA59D06B3
A40DA73506B3
A284A8D306B3
A102AA7806B3
9F88AC2406B3
9E15ADD606B3
9CA9AF8F06B3
9B46B14E06B3
99EAB31306B3
9896B4DE06B3
974BB6AF06B3
9607B88506B3
94CCBA6206B3
9399BC4306B3
926FBE2A06B3
914DC01606B3
9034C20806B3
8F23C3FD06B3
8E1CC5F806B3
8D1DC7F706B3
8C27C9FB06B3
8B3ACC0206B3
8A56CE0E06B3
897CD01E06B3
88AAD23106B3
87E2D44806B3
8724D66206B3
866ED88006B3
85C3DAA106B3
8521DCC406B3
8488DEEB06B3
83F9E11406B3
8374E33F06B3
82F8E56C06B3
8286E79C06B3
821EE9CE06B3
81C0EC0106B3
816BEE3606B3
8121F06C06B3
80E0F2A406B3
80A9F4DC06B3
807DF71506B3
805AF94F06B3
8041FB8A06B3
8032FDC506B3
802D000006B3
8032023B06B3
8041047606B3
805A06B106B3
807D08EB06B3
80A90B2406B3
80E00D5C06B3
81210F9406B3
816B11CA06B3
81C013FF06B3
821E163206B3
8286186406B3
82F81A9406B3
83741CC106B3
83F91EEC06B3
8488211506B3
8521233C06B3
85C3255F06B3
866E278006B3
8724299E06B3
87E22BB806B3
88AA2DCF06B3
897C2FE206B3
8A5631F206B3
8B3A33FE06B3
8C27360506B3
8D1D380906B3
8E1C3A0806B3
8F233C0306B3
90343DF806B3
914D3FEA06B3
926F41D606B3
939943BD06B3
94CC459E06B3
9607477B06B3
974B495106B3
98964B2206B3
99EA4CED06B3
9B464EB206B3
9CA9507106B3
9E15522A06B3
9F8853DC06B3
A102558806B3
A284572D06B3
A40D58CB06B3
A59D5A6306B3
A7355BF306B3
A8D35D7C06B3
AA785EFE06B3
AC24607806B3
ADD661EB06B3
AF8F635706B3
B14E64BA06B3
B313661606B3
B4DE676A06B3
B6AF68B506B3
B88569F906B3
BA626B3406B3
BC436C6706B3
BE2A6D9106B3
C0166EB306B3
C2086FCC06B3
C3FD70DD06B3
C5F871E406B3
C7F772E306B3
C9FB73D906B3
CC0274C606B3
CE0E75AA06B3
D01E768406B3
D231775606B3
D448781E06B3
D66278DC06B3
D880799206B3
DAA17A3D06B3
DCC47ADF06B3
DEEB7B7806B3
E1147C0706B3
E33F7C8C06B3
E56C7D0806B3
E79C7D7A06B3
E9CE7DE206B3
EC017E4006B3
EE367E9506B3
F06C7EDF06B3
F2A47F2006B3
F4DC7F5706B3
F7157F8306B3
F94F7FA606B3
FB8A7FBF06B3
FDC57FCE06B3
000000000000
000000000000
000000000000
000000000000
000000000000
000000000000
000000000000
000000000000
000000000000
000000000000
000000000000
000000000000
000000000000
000000000000
000000000000
000000000000
000000000000
000000000000
000000000000
000000000000
000000000000
000000000000
000000000000
000000000000
000000000000
000000000000
000000000000
000000000000
000000000000
000000000000
000000000000
000000000000
000000000000
000000000000
000000000000
000000000000
000000000000
000000000000
000000000000
000000000000
000000000000
000000000000
000000000000
000000000000
000000000000
000000000000
000000000000
000000000000
000000000000
000000000000
000000000000
000000000000
000000000000
000000000000
000000000000
000000000000
000000000000
000000000000
000000000000
000000000000
000000000000
000000000000
000000000000
000000000000
000000000000
000000000000
000000000000
000000000000
000000000000
000000000000
000000000000
000000000000
000000000000
000000000000
000000000000
000000000000
000000000000
000000000000
000000000000
000000000000
000000000000
000000000000
000000000000
000000000000
000000000000
000000000000
000000000000
000000000000
000000000000
000000000000
000000000000
000000000000
000000000000
000000000000
000000000000
000000000000
000000000000
000000000000
000000000000
000000000000
000000000000
000000000000
000000000000
000000000000
000000000000
000000000000
000000000000
000000000000
000000000000
000000000000
000000000000
000000000000
000000000000
000000000000
000000000000
000000000000
000000000000
000000000000
000000000000
000000000000
000000000000
000000000000
000000000000
000000000000
000000000000
000000000000
000000000000
000000000000
000000000000
000000000000
000000000000
000000000000
000000000000
000000000000
000000000000
000000000000
000000000000
000000000000
000000000000
000000000000
000000000000
000000000000
000000000000
000000000000
000000000000
000000000000
000000000000
000000000000
000000000000
000000000000
000000000000
000000000000
00007DA6E794
02317DA1E794
04637D92E794
06937D7AE794
08C47D58E794
0AF37D2CE794
0D227CF6E794
0F507CB6E794
117D7C6DE794
13A87C1AE794
15D27BBDE794
17FA7B57E794
1A207AE7E794
1C447A6EE794
1E6679EAE794
2085795EE794
22A278C8E794
24BC7828E794
26D47780E794
28E876CEE794
2AF97612E794
2D07754EE794
2F127480E794
311873A9E794
331B72C9E794
351A71E0E794
371570EFE794
390B6FF4E794
3AFD6EF1E794
3CEA6DE5E794
3ED36CD1E794
40B76BB4E794
42956A8EE794
446F6961E794
4643682BE794
481266EDE794
49DB65A7E794
4B9E6459E794
4D5B6303E794
4F1361A6E794
50C46041E794
526F5ED4E794
54135D60E794
55B15BE5E794
57485A62E794
58D958D9E794
5A625748E794
5BE555B1E794
5D605413E794
5ED4526FE794
604150C4E794
61A64F13E794
63034D5BE794
64594B9EE794
65A749DBE794
66ED4812E794
682B4643E794
6961446FE794
6A8E4295E794
6BB440B7E794
6CD13ED3E794
6DE53CEAE794
6EF13AFDE794
6FF4390BE794
70EF3715E794
71E0351AE794
72C9331BE794
73A93118E794
74802F12E794
754E2D07E794
76122AF9E794
76CE28E8E794
778026D4E794
782824BCE794
78C822A2E794
795E2085E794
79EA1E66E794
7A6E1C44E794
7AE71A20E794
7B5717FAE794
7BBD15D2E794
7C1A13A8E794
7C6D117DE794
7CB60F50E794
7CF60D22E794
7D2C0AF3E794
7D5808C4E794
7D7A0693E794
7D920463E794
7DA10231E794
7DA60000E794
7DA1FDCFE794
7D92FB9DE794
7D7AF96DE794
7D58F73CE794
7D2CF50DE794
7CF6F2DEE794
7CB6F0B0E794
7C6DEE83E794
7C1AEC58E794
7BBDEA2EE794
7B57E806E794
7AE7E5E0E794
7A6EE3BCE794
79EAE19AE794
795EDF7BE794
78C8DD5EE794
7828DB44E794
7780D92CE794
76CED718E794
7612D507E794
754ED2F9E794
7480D0EEE794
73A9CEE8E794
72C9CCE5E794
71E0CAE6E794
70EFC8EBE794
6FF4C6F5E794
6EF1C503E794
6DE5C316E794
6CD1C12DE794
6BB4BF49E794
6A8EBD6BE794
6961BB91E794
682BB9BDE794
66EDB7EEE794
65A7B625E794
6459B462E794
6303B2A5E794
61A6B0EDE794
6041AF3CE794
5ED4AD91E794
5D60ABEDE794
5BE5AA4FE794
5A62A8B8E794
58D9A727E794
5748A59EE794
55B1A41BE794
5413A2A0E794
526FA12CE794
50C49FBFE794
4F139E5AE794
4D5B9CFDE794
4B9E9BA7E794
49DB9A59E794
48129913E794
464397D5E794
446F969FE794
42959572E794
40B7944CE794
3ED3932FE794
3CEA921BE794
3AFD910FE794
390B900CE794
37158F11E794
351A8E20E794
331B8D37E794
31188C57E794
2F128B80E794
2D078AB2E794
2AF989EEE794
28E88932E794
26D48880E794
24BC87D8E794
22A28738E794
208586A2E794
1E668616E794
1C448592E794
1A208519E794
17FA84A9E794
15D28443E794
13A883E6E794
117D8393E794
0F50834AE794
0D22830AE794
0AF382D4E794
08C482A8E794
06938286E794
0463826EE794
0231825FE794
0000825AE794
FDCF825FE794
FB9D826EE794
F96D8286E794
F73C82A8E794
F50D82D4E794
F2DE830AE794
F0B0834AE794
EE838393E794
EC5883E6E794
EA2E8443E794
E80684A9E794
E5E08519E794
E3BC8592E794
E19A8616E794
DF7B86A2E794
DD5E8738E794
DB4487D8E794
D92C8880E794
D7188932E794
D50789EEE794
D2F98AB2E794
D0EE8B80E794
CEE88C57E794
CCE58D37E794
CAE68E20E794
C8EB8F11E794
C6F5900CE794
C503910FE794
C316921BE794
C12D932FE794
BF49944CE794
BD6B9572E794
BB91969FE794
B9BD97D5E794
B7EE9913E794
B6259A59E794
B4629BA7E794
B2A59CFDE794
B0ED9E5AE794
AF3C9FBFE794
AD91A12CE794
ABEDA2A0E794
AA4FA41BE794
A8B8A59EE794
A727A727E794
A59EA8B8E794
A41BAA4FE794
A2A0ABEDE794
A12CAD91E794
9FBFAF3CE794
9E5AB0EDE794
9CFDB2A5E794
9BA7B462E794
9A59B625E794
9913B7EEE794
97D5B9BDE794
969FBB91E794
9572BD6BE794
944CBF49E794
932FC12DE794
921BC316E794
910FC503E794
900CC6F5E794
8F11C8EBE794
8E20CAE6E794
8D37CCE5E794
8C57CEE8E794
8B80D0EEE794
8AB2D2F9E794
89EED507E794
8932D718E794
8880D92CE794
87D8DB44E794
8738DD5EE794
86A2DF7BE794
8616E19AE794
8592E3BCE794
8519E5E0E794
84A9E806E794
8443EA2EE794
83E6EC58E794
8393EE83E794
834AF0B0E794
830AF2DEE794
82D4F50DE794
82A8F73CE794
8286F96DE794
826EFB9DE794
825FFDCFE794
825A0000E794
825F0231E794
826E0463E794
82860693E794
82A808C4E794
82D40AF3E794
830A0D22E794
834A0F50E794
8393117DE794
83E613A8E794
844315D2E794
84A917FAE794
85191A20E794
85921C44E794
86161E66E794
86A22085E794
873822A2E794
87D824BCE794
888026D4E794
893228E8E794
89EE2AF9E794
8AB22D07E794
8B802F12E794
8C573118E794
8D37331BE794
8E20351AE794
8F113715E794
900C390BE794
910F3AFDE794
921B3CEAE794
932F3ED3E794
944C40B7E794
95724295E794
969F446FE794
97D54643E794
99134812E794
9A5949DBE794
9BA74B9EE794
9CFD4D5BE794
9E5A4F13E794
9FBF50C4E794
A12C526FE794
A2A05413E794
A41B55B1E794
A59E5748E794
A72758D9E794
A8B85A62E794
AA4F5BE5E794
ABED5D60E794
AD915ED4E794
AF3C6041E794
B0ED61A6E794
B2A56303E794
B4626459E794
B62565A7E794
B7EE66EDE794
B9BD682BE794
BB916961E794
BD6B6A8EE794
BF496BB4E794
C12D6CD1E794
C3166DE5E794
C5036EF1E794
C6F56FF4E794
C8EB70EFE794
CAE671E0E794
CCE572C9E794
CEE873A9E794
D0EE7480E794
D2F9754EE794
D5077612E794
D71876CEE794
D92C7780E794
DB447828E794
DD5E78C8E794
DF7B795EE794
E19A79EAE794
E3BC7A6EE794
E5E07AE7E794
E8067B57E794
EA2E7BBDE794
EC587C1AE794
EE837C6DE794
F0B07CB6E794
F2DE7CF6E794
F50D7D2CE794
F73C7D58E794
F96D7D7AE794
FB9D7D92E794
FDCF7DA1E794
000000000000
000000000000
000000000000
000000000000
000000000000
000000000000
000000000000
000000000000
000000000000
000000000000
000000000000
000000000000
000000000000
000000000000
000000000000
000000000000
000000000000
000000000000
000000000000
000000000000
000000000000
000000000000
000000000000
000000000000
000000000000
000000000000
000000000000
000000000000
000000000000
000000000000
000000000000
000000000000
000000000000
000000000000
000000000000
000000000000
000000000000
000000000000
000000000000
000000000000
000000000000
000000000000
000000000000
000000000000
000000000000
000000000000
000000000000
000000000000
000000000000
000000000000
000000000000
000000000000
000000000000
000000000000
000000000000
000000000000
000000000000
000000000000
000000000000
000000000000
000000000000
000000000000
000000000000
000000000000
000000000000
000000000000
000000000000
000000000000
000000000000
000000000000
000000000000
000000000000
000000000000
000000000000
000000000000
000000000000
000000000000
000000000000
000000000000
000000000000
000000000000
000000000000
000000000000
000000000000
000000000000
000000000000
000000000000
000000000000
000000000000
000000000000
000000000000
000000000000
000000000000
000000000000
000000000000
000000000000
000000000000
000000000000
000000000000
000000000000
000000000000
000000000000
000000000000
000000000000
000000000000
000000000000
000000000000
000000000000
000000000000
000000000000
000000000000
000000000000
000000000000
000000000000
000000000000
000000000000
000000000000
000000000000
000000000000
000000000000
000000000000
000000000000
000000000000
000000000000
000000000000
000000000000
000000000000
000000000000
000000000000
000000000000
000000000000
000000000000
000000000000
000000000000
000000000000
000000000000
000000000000
000000000000
000000000000
000000000000
000000000000
000000000000
000000000000
000000000000
000000000000
000000000000
000000000000
000000000000
000000000000
000000000000
000000000000
000000000000
00007F830B28
023A7F7E0B28
04737F6F0B28
06AC7F570B28
08E57F340B28
0B1D7F070B28
0D547ED00B28
0F8A7E900B28
11BF7E460B28
13F37DF10B28
16247D930B28
18557D2C0B28
1A837CBA0B28
1CAF7C3F0B28
1ED97BBA0B28
21017B2B0B28
23267A930B28
254879F10B28
276779460B28
298478910B28
2B9D77D30B28
2DB2770B0B28
2FC4763A0B28
31D375600B28
33DD747D0B28
35E473910B28
37E6729C0B28
39E4719D0B28
3BDD70960B28
3DD26F860B28
3FC26E6E0B28
41AD6D4D0B28
43926C230B28
45736AF10B28
474E69B70B28
492368740B28
4AF367290B28
4CBD65D60B28
4E81647B0B28
503F63190B28
51F761AE0B28
53A8603C0B28
55535EC30B28
56F75D420B28
58945BBA0B28
5A2A5A2A0B28
5BBA58940B28
5D4256F70B28
5EC355530B28
603C53A80B28
61AE51F70B28
6319503F0B28
647B4E810B28
65D64CBD0B28
67294AF30B28
687449230B28
69B7474E0B28
6AF145730B28
6C2343920B28
6D4D41AD0B28
6E6E3FC20B28
6F863DD20B28
70963BDD0B28
719D39E40B28
729C37E60B28
739135E40B28
747D33DD0B28
756031D30B28
763A2FC40B28
770B2DB20B28
77D32B9D0B28
789129840B28
794627670B28
79F125480B28
7A9323260B28
7B2B21010B28
7BBA1ED90B28
7C3F1CAF0B28
7CBA1A830B28
7D2C18550B28
7D9316240B28
7DF113F30B28
7E4611BF0B28
7E900F8A0B28
7ED00D540B28
7F070B1D0B28
7F3408E50B28
7F5706AC0B28
7F6F04730B28
7F7E023A0B28
7F8300000B28
7F7EFDC60B28
7F6FFB8D0B28
7F57F9540B28
7F34F71B0B28
7F07F4E30B28
7ED0F2AC0B28
7E90F0760B28
7E46EE410B28
7DF1EC0D0B28
7D93E9DC0B28
7D2CE7AB0B28
7CBAE57D0B28
7C3FE3510B28
7BBAE1270B28
7B2BDEFF0B28
7A93DCDA0B28
79F1DAB80B28
7946D8990B28
7891D67C0B28
77D3D4630B28
770BD24E0B28
763AD03C0B28
7560CE2D0B28
747DCC230B28
7391CA1C0B28
729CC81A0B28
719DC61C0B28
7096C4230B28
6F86C22E0B28
6E6EC03E0B28
6D4DBE530B28
6C23BC6E0B28
6AF1BA8D0B28
69B7B8B20B28
6874B6DD0B28
6729B50D0B28
65D6B3430B28
647BB17F0B28
6319AFC10B28
61AEAE090B28
603CAC580B28
5EC3AAAD0B28
5D42A9090B28
5BBAA76C0B28
5A2AA5D60B28
5894A4460B28
56F7A2BE0B28
5553A13D0B28
53A89FC40B28
51F79E520B28
503F9CE70B28
4E819B850B28
4CBD9A2A0B28
4AF398D70B28
4923978C0B28
474E96490B28
4573950F0B28
439293DD0B28
41AD92B30B28
3FC291920B28
3DD2907A0B28
3BDD8F6A0B28
39E48E630B28
37E68D640B28
35E48C6F0B28
33DD8B830B28
31D38AA00B28
2FC489C60B28
2DB288F50B28
2B9D882D0B28
2984876F0B28
276786BA0B28
2548860F0B28
2326856D0B28
210184D50B28
1ED984460B28
1CAF83C10B28
1A8383460B28
185582D40B28
1624826D0B28
13F3820F0B28
11BF81BA0B28
0F8A81700B28
0D5481300B28
0B1D80F90B28
08E580CC0B28
06AC80A90B28
047380910B28
023A80820B28
0000807D0B28
FDC680820B28
FB8D80910B28
F95480A90B28
F71B80CC0B28
F4E380F90B28
F2AC81300B28
F07681700B28
EE4181BA0B28
EC0D820F0B28
E9DC826D0B28
E7AB82D40B28
E57D83460B28
E35183C10B28
E12784460B28
DEFF84D50B28
DCDA856D0B28
DAB8860F0B28
D89986BA0B28
D67C876F0B28
D463882D0B28
D24E88F50B28
D03C89C60B28
CE2D8AA00B28
CC238B830B28
CA1C8C6F0B28
C81A8D640B28
C61C8E630B28
C4238F6A0B28
C22E907A0B28
C03E91920B28
BE5392B30B28
BC6E93DD0B28
BA8D950F0B28
B8B296490B28
B6DD978C0B28
B50D98D70B28
B3439A2A0B28
B17F9B850B28
AFC19CE70B28
AE099E520B28
AC589FC40B28
AAADA13D0B28
A909A2BE0B28
A76CA4460B28
A5D6A5D60B28
A446A76C0B28
A2BEA9090B28
A13DAAAD0B28
9FC4AC580B28
9E52AE090B28
9CE7AFC10B28
9B85B17F0B28
9A2AB3430B28
98D7B50D0B28
978CB6DD0B28
9649B8B20B28
950FBA8D0B28
93DDBC6E0B28
92B3BE530B28
9192C03E0B28
907AC22E0B28
8F6AC4230B28
8E63C61C0B28
8D64C81A0B28
8C6FCA1C0B28
8B83CC230B28
8AA0CE2D0B28
89C6D03C0B28
88F5D24E0B28
882DD4630B28
876FD67C0B28
86BAD8990B28
860FDAB80B28
856DDCDA0B28
84D5DEFF0B28
8446E1270B28
83C1E3510B28
8346E57D0B28
82D4E7AB0B28
826DE9DC0B28
820FEC0D0B28
81BAEE410B28
8170F0760B28
8130F2AC0B28
80F9F4E30B28
80CCF71B0B28
80A9F9540B28
8091FB8D0B28
8082FDC60B28
807D00000B28
8082023A0B28
809104730B28
80A906AC0B28
80CC08E50B28
80F90B1D0B28
81300D540B28
81700F8A0B28
81BA11BF0B28
820F13F30B28
826D16240B28
82D418550B28
83461A830B28
83C11CAF0B28
84461ED90B28
84D521010B28
856D23260B28
860F25480B28
86BA27670B28
876F29840B28
882D2B9D0B28
88F52DB20B28
89C62FC40B28
8AA031D30B28
8B8333DD0B28
8C6F35E40B28
8D6437E60B28
8E6339E40B28
8F6A3BDD0B28
907A3DD20B28
91923FC20B28
92B341AD0B28
93DD43920B28
950F45730B28
9649474E0B28
978C49230B28
98D74AF30B28
9A2A4CBD0B28
9B854E810B28
9CE7503F0B28
9E5251F70B28
9FC453A80B28
A13D55530B28
A2BE56F70B28
A44658940B28
A5D65A2A0B28
A76C5BBA0B28
A9095D420B28
AAAD5EC30B28
AC58603C0B28
AE0961AE0B28
AFC163190B28
B17F647B0B28
B34365D60B28
B50D67290B28
B6DD68740B28
B8B269B70B28
BA8D6AF10B28
BC6E6C230B28
BE536D4D0B28
C03E6E6E0B28
C22E6F860B28
C42370960B28
C61C719D0B28
C81A729C0B28
CA1C73910B28
CC23747D0B28
CE2D75600B28
D03C763A0B28
D24E770B0B28
D46377D30B28
D67C78910B28
D89979460B28
DAB879F10B28
DCDA7A930B28
DEFF7B2B0B28
E1277BBA0B28
E3517C3F0B28
E57D7CBA0B28
E7AB7D2C0B28
E9DC7D930B28
EC0D7DF10B28
EE417E460B28
F0767E900B28
F2AC7ED00B28
F4E37F070B28
F71B7F340B28
F9547F570B28
FB8D7F6F0B28
FDC67F7E0B28
000000000000
000000000000
000000000000
000000000000
000000000000
000000000000
000000000000
000000000000
000000000000
000000000000
000000000000
000000000000
000000000000
000000000000
000000000000
000000000000
000000000000
000000000000
000000000000
000000000000
000000000000
000000000000
000000000000
000000000000
000000000000
000000000000
000000000000
000000000000
000000000000
000000000000
000000000000
000000000000
000000000000
000000000000
000000000000
000000000000
000000000000
000000000000
000000000000
000000000000
000000000000
000000000000
000000000000
000000000000
000000000000
000000000000
000000000000
000000000000
000000000000
000000000000
000000000000
000000000000
000000000000
000000000000
000000000000
000000000000
000000000000
000000000000
000000000000
000000000000
000000000000
000000000000
000000000000
000000000000
000000000000
000000000000
000000000000
000000000000
000000000000
000000000000
000000000000
000000000000
000000000000
000000000000
000000000000
000000000000
000000000000
000000000000
000000000000
000000000000
000000000000
000000000000
000000000000
000000000000
000000000000
000000000000
000000000000
000000000000
000000000000
000000000000
000000000000
000000000000
000000000000
000000000000
000000000000
000000000000
000000000000
000000000000
000000000000
000000000000
000000000000
000000000000
000000000000
000000000000
000000000000
000000000000
000000000000
000000000000
000000000000
000000000000
000000000000
000000000000
000000000000
000000000000
000000000000
000000000000
000000000000
000000000000
000000000000
000000000000
000000000000
000000000000
000000000000
000000000000
000000000000
000000000000
000000000000
000000000000
000000000000
000000000000
000000000000
000000000000
000000000000
000000000000
000000000000
000000000000
000000000000
000000000000
000000000000
000000000000
000000000000
000000000000
000000000000
000000000000
000000000000
000000000000
000000000000
000000000000
000000000000
000000000000
000000000000
000000000000
00007E6DEBFA
02357E68EBFA
046A7E59EBFA
069E7E40EBFA
08D27E1EEBFA
0B057DF1EBFA
0D377DBBEBFA
0F687D7BEBFA
11987D32EBFA
13C77CDEEBFA
15F47C81EBFA
181F7C1AEBFA
1A497BA9EBFA
1C707B2FEBFA
1E967AABEBFA
20B97A1EEBFA
22D97987EBFA
24F678E6EBFA
2711783DEBFA
29297789EBFA
2B3D76CDEBFA
2D4E7607EBFA
2F5C7538EBFA
31667460EBFA
336C737FEBFA
356E7294EBFA
376C71A1EBFA
396570A5EBFA
3B5A6FA0EBFA
3D4B6E93EBFA
3F366D7DEBFA
411D6C5EEBFA
42FF6B37EBFA
44DB6A07EBFA
46B268CFEBFA
48846790EBFA
4A4F6647EBFA
4C1564F7EBFA
4DD663A0EBFA
4F906240EBFA
514460D9EBFA
52F15F6AEBFA
54985DF4EBFA
56395C76EBFA
57D25AF1EBFA
59655965EBFA
5AF157D2EBFA
5C765639EBFA
5DF45498EBFA
5F6A52F1EBFA
60D95144EBFA
62404F90EBFA
63A04DD6EBFA
64F74C15EBFA
66474A4FEBFA
67904884EBFA
68CF46B2EBFA
6A0744DBEBFA
6B3742FFEBFA
6C5E411DEBFA
6D7D3F36EBFA
6E933D4BEBFA
6FA03B5AEBFA
70A53965EBFA
71A1376CEBFA
7294356EEBFA
737F336CEBFA
74603166EBFA
75382F5CEBFA
76072D4EEBFA
76CD2B3DEBFA
77892929EBFA
783D2711EBFA
78E624F6EBFA
798722D9EBFA
7A1E20B9EBFA
7AAB1E96EBFA
7B2F1C70EBFA
7BA91A49EBFA
7C1A181FEBFA
7C8115F4EBFA
7CDE13C7EBFA
7D321198EBFA
7D7B0F68EBFA
7DBB0D37EBFA
7DF10B05EBFA
7E1E08D2EBFA
7E40069EEBFA
7E59046AEBFA
7E680235EBFA
7E6D0000EBFA
7E68FDCBEBFA
7E59FB96EBFA
7E40F962EBFA
7E1EF72EEBFA
7DF1F4FBEBFA
7DBBF2C9EBFA
7D7BF098EBFA
7D32EE68EBFA
7CDEEC39EBFA
7C81EA0CEBFA
7C1AE7E1EBFA
7BA9E5B7EBFA
7B2FE390EBFA
7AABE16AEBFA
7A1EDF47EBFA
7987DD27EBFA
78E6DB0AEBFA
783DD8EFEBFA
7789D6D7EBFA
76CDD4C3EBFA
7607D2B2EBFA
7538D0A4EBFA
7460CE9AEBFA
737FCC94EBFA
7294CA92EBFA
71A1C894EBFA
70A5C69BEBFA
6FA0C4A6EBFA
6E93C2B5EBFA
6D7DC0CAEBFA
6C5EBEE3EBFA
6B37BD01EBFA
6A07BB25EBFA
68CFB94EEBFA
6790B77CEBFA
6647B5B1EBFA
64F7B3EBEBFA
63A0B22AEBFA
6240B070EBFA
60D9AEBCEBFA
5F6AAD0FEBFA
5DF4AB68EBFA
5C76A9C7EBFA
5AF1A82EEBFA
5965A69BEBFA
57D2A50FEBFA
5639A38AEBFA
5498A20CEBFA
52F1A096EBFA
51449F27EBFA
4F909DC0EBFA
4DD69C60EBFA
4C159B09EBFA
4A4F99B9EBFA
48849870EBFA
46B29731EBFA
44DB95F9EBFA
42FF94C9EBFA
411D93A2EBFA
3F369283EBFA
3D4B916DEBFA
3B5A9060EBFA
39658F5BEBFA
376C8E5FEBFA
356E8D6CEBFA
336C8C81EBFA
31668BA0EBFA
2F5C8AC8EBFA
2D4E89F9EBFA
2B3D8933EBFA
29298877EBFA
271187C3EBFA
24F6871AEBFA
22D98679EBFA
20B985E2EBFA
1E968555EBFA
1C7084D1EBFA
1A498457EBFA
181F83E6EBFA
15F4837FEBFA
13C78322EBFA
119882CEEBFA
0F688285EBFA
0D378245EBFA
0B05820FEBFA
08D281E2EBFA
069E81C0EBFA
046A81A7EBFA
02358198EBFA
00008193EBFA
FDCB8198EBFA
FB9681A7EBFA
F96281C0EBFA
F72E81E2EBFA
F4FB820FEBFA
F2C98245EBFA
F0988285EBFA
EE6882CEEBFA
EC398322EBFA
EA0C837FEBFA
E7E183E6EBFA
E5B78457EBFA
E39084D1EBFA
E16A8555EBFA
DF4785E2EBFA
DD278679EBFA
DB0A871AEBFA
D8EF87C3EBFA
D6D78877EBFA
D4C38933EBFA
D2B289F9EBFA
D0A48AC8EBFA
CE9A8BA0EBFA
CC948C81EBFA
CA928D6CEBFA
C8948E5FEBFA
C69B8F5BEBFA
C4A69060EBFA
C2B5916DEBFA
C0CA9283EBFA
BEE393A2EBFA
BD0194C9EBFA
BB2595F9EBFA
B94E9731EBFA
B77C9870EBFA
B5B199B9EBFA
B3EB9B09EBFA
B22A9C60EBFA
B0709DC0EBFA
AEBC9F27EBFA
AD0FA096EBFA
AB68A20CEBFA
A9C7A38AEBFA
A82EA50FEBFA
A69BA69BEBFA
A50FA82EEBFA
A38AA9C7EBFA
A20CAB68EBFA
A096AD0FEBFA
9F27AEBCEBFA
9DC0B070EBFA
9C60B22AEBFA
9B09B3EBEBFA
99B9B5B1EBFA
9870B77CEBFA
9731B94EEBFA
95F9BB25EBFA
94C9BD01EBFA
93A2BEE3EBFA
9283C0CAEBFA
916DC2B5EBFA
9060C4A6EBFA
8F5BC69BEBFA
8E5FC894EBFA
8D6CCA92EBFA
8C81CC94EBFA
8BA0CE9AEBFA
8AC8D0A4EBFA
89F9D2B2EBFA
8933D4C3EBFA
8877D6D7EBFA
87C3D8EFEBFA
871ADB0AEBFA
8679DD27EBFA
85E2DF47EBFA
8555E16AEBFA
84D1E390EBFA
8457E5B7EBFA
83E6E7E1EBFA
837FEA0CEBFA
8322EC39EBFA
82CEEE68EBFA
8285F098EBFA
8245F2C9EBFA
820FF4FBEBFA
81E2F72EEBFA
81C0F962EBFA
81A7FB96EBFA
8198FDCBEBFA
81930000EBFA
81980235EBFA
81A7046AEBFA
81C0069EEBFA
81E208D2EBFA
820F0B05EBFA
82450D37EBFA
82850F68EBFA
82CE1198EBFA
832213C7EBFA
837F15F4EBFA
83E6181FEBFA
84571A49EBFA
84D11C70EBFA
85551E96EBFA
85E220B9EBFA
867922D9EBFA
871A24F6EBFA
87C32711EBFA
88772929EBFA
89332B3DEBFA
89F92D4EEBFA
8AC82F5CEBFA
8BA03166EBFA
8C81336CEBFA
8D6C356EEBFA
8E5F376CEBFA
8F5B3965EBFA
90603B5AEBFA
916D3D4BEBFA
92833F36EBFA
93A2411DEBFA
94C942FFEBFA
95F944DBEBFA
973146B2EBFA
98704884EBFA
99B94A4FEBFA
9B094C15EBFA
9C604DD6EBFA
9DC04F90EBFA
9F275144EBFA
A09652F1EBFA
A20C5498EBFA
A38A5639EBFA
A50F57D2EBFA
A69B5965EBFA
A82E5AF1EBFA
A9C75C76EBFA
AB685DF4EBFA
AD0F5F6AEBFA
AEBC60D9EBFA
B0706240EBFA
B22A63A0EBFA
B3EB64F7EBFA
B5B16647EBFA
B77C6790EBFA
B94E68CFEBFA
BB256A07EBFA
BD016B37EBFA
BEE36C5EEBFA
C0CA6D7DEBFA
C2B56E93EBFA
C4A66FA0EBFA
C69B70A5EBFA
C89471A1EBFA
CA927294EBFA
CC94737FEBFA
CE9A7460EBFA
D0A47538EBFA
D2B27607EBFA
D4C376CDEBFA
D6D77789EBFA
D8EF783DEBFA
DB0A78E6EBFA
DD277987EBFA
DF477A1EEBFA
E16A7AABEBFA
E3907B2FEBFA
E5B77BA9EBFA
E7E17C1AEBFA
EA0C7C81EBFA
EC397CDEEBFA
EE687D32EBFA
F0987D7BEBFA
F2C97DBBEBFA
F4FB7DF1EBFA
F72E7E1EEBFA
F9627E40EBFA
FB967E59EBFA
FDCB7E68EBFA
000000000000
000000000000
000000000000
000000000000
000000000000
000000000000
000000000000
000000000000
000000000000
000000000000
000000000000
000000000000
000000000000
000000000000
000000000000
000000000000
000000000000
000000000000
000000000000
000000000000
000000000000
000000000000
000000000000
000000000000
000000000000
000000000000
000000000000
000000000000
000000000000
000000000000
000000000000
000000000000
000000000000
000000000000
000000000000
000000000000
000000000000
000000000000
000000000000
000000000000
000000000000
000000000000
000000000000
000000000000
000000000000
000000000000
000000000000
000000000000
000000000000
000000000000
000000000000
000000000000
000000000000
000000000000
000000000000
000000000000
000000000000
000000000000
000000000000
000000000000
000000000000
000000000000
000000000000
000000000000
000000000000
000000000000
000000000000
000000000000
000000000000
000000000000
000000000000
000000000000
000000000000
000000000000
000000000000
000000000000
000000000000
000000000000
000000000000
000000000000
000000000000
000000000000
000000000000
000000000000
000000000000
000000000000
000000000000
000000000000
000000000000
000000000000
000000000000
000000000000
000000000000
000000000000
000000000000
000000000000
000000000000
000000000000
000000000000
000000000000
000000000000
000000000000
000000000000
000000000000
000000000000
000000000000
000000000000
000000000000
000000000000
000000000000
000000000000
000000000000
000000000000
000000000000
000000000000
000000000000
000000000000
000000000000
000000000000
000000000000
000000000000
000000000000
000000000000
000000000000
000000000000
000000000000
000000000000
000000000000
000000000000
000000000000
000000000000
000000000000
000000000000
000000000000
000000000000
000000000000
000000000000
000000000000
000000000000
000000000000
000000000000
000000000000
000000000000
000000000000
000000000000
000000000000
000000000000
000000000000
000000000000
000000000000
000000000000
000000000000
00007F0C0F99
02387F070F99
046F7EF80F99
06A67EDF0F99
08DD7EBD0F99
0B137E900F99
0D487E5A0F99
0F7C7E190F99
11AE7DCF0F99
13E07D7B0F99
16107D1E0F99
183E7CB60F99
1A6A7C450F99
1C947BCA0F99
1EBC7B460F99
20E27AB80F99
23057A200F99
2525797F0F99
274278D40F99
295D78200F99
2B7477620F99
2D87769C0F99
2F9875CB0F99
31A474F20F99
33AD74100F99
35B173250F99
37B172300F99
39AD71330F99
3BA5702D0F99
3D986F1E0F99
3F866E060F99
416F6CE60F99
43536BBE0F99
45326A8D0F99
470B69530F99
48DF68120F99
4AAD66C80F99
4C7565770F99
4E38641D0F99
4FF462BC0F99
51AA61530F99
535A5FE20F99
55035E6A0F99
56A55CEA0F99
58415B640F99
59D659D60F99
5B6458410F99
5CEA56A50F99
5E6A55030F99
5FE2535A0F99
615351AA0F99
62BC4FF40F99
641D4E380F99
65774C750F99
66C84AAD0F99
681248DF0F99
6953470B0F99
6A8D45320F99
6BBE43530F99
6CE6416F0F99
6E063F860F99
6F1E3D980F99
702D3BA50F99
713339AD0F99
723037B10F99
732535B10F99
741033AD0F99
74F231A40F99
75CB2F980F99
769C2D870F99
77622B740F99
7820295D0F99
78D427420F99
797F25250F99
7A2023050F99
7AB820E20F99
7B461EBC0F99
7BCA1C940F99
7C451A6A0F99
7CB6183E0F99
7D1E16100F99
7D7B13E00F99
7DCF11AE0F99
7E190F7C0F99
7E5A0D480F99
7E900B130F99
7EBD08DD0F99
7EDF06A60F99
7EF8046F0F99
7F0702380F99
7F0C00000F99
7F07FDC80F99
7EF8FB910F99
7EDFF95A0F99
7EBDF7230F99
7E90F4ED0F99
7E5AF2B80F99
7E19F0840F99
7DCFEE520F99
7D7BEC200F99
7D1EE9F00F99
7CB6E7C20F99
7C45E5960F99
7BCAE36C0F99
7B46E1440F99
7AB8DF1E0F99
7A20DCFB0F99
797FDADB0F99
78D4D8BE0F99
7820D6A30F99
7762D48C0F99
769CD2790F99
75CBD0680F99
74F2CE5C0F99
7410CC530F99
7325CA4F0F99
7230C84F0F99
7133C6530F99
702DC45B0F99
6F1EC2680F99
6E06C07A0F99
6CE6BE910F99
6BBEBCAD0F99
6A8DBACE0F99
6953B8F50F99
6812B7210F99
66C8B5530F99
6577B38B0F99
641DB1C80F99
62BCB00C0F99
6153AE560F99
5FE2ACA60F99
5E6AAAFD0F99
5CEAA95B0F99
5B64A7BF0F99
59D6A62A0F99
5841A49C0F99
56A5A3160F99
5503A1960F99
535AA01E0F99
51AA9EAD0F99
4FF49D440F99
4E389BE30F99
4C759A890F99
4AAD99380F99
48DF97EE0F99
470B96AD0F99
453295730F99
435394420F99
416F931A0F99
3F8691FA0F99
3D9890E20F99
3BA58FD30F99
39AD8ECD0F99
37B18DD00F99
35B18CDB0F99
33AD8BF00F99
31A48B0E0F99
2F988A350F99
2D8789640F99
2B74889E0F99
295D87E00F99
2742872C0F99
252586810F99
230585E00F99
20E285480F99
1EBC84BA0F99
1C9484360F99
1A6A83BB0F99
183E834A0F99
161082E20F99
13E082850F99
11AE82310F99
0F7C81E70F99
0D4881A60F99
0B1381700F99
08DD81430F99
06A681210F99
046F81080F99
023880F90F99
000080F40F99
FDC880F90F99
FB9181080F99
F95A81210F99
F72381430F99
F4ED81700F99
F2B881A60F99
F08481E70F99
EE5282310F99
EC2082850F99
E9F082E20F99
E7C2834A0F99
E59683BB0F99
E36C84360F99
E14484BA0F99
DF1E85480F99
DCFB85E00F99
DADB86810F99
D8BE872C0F99
D6A387E00F99
D48C889E0F99
D27989640F99
D0688A350F99
CE5C8B0E0F99
CC538BF00F99
CA4F8CDB0F99
C84F8DD00F99
C6538ECD0F99
C45B8FD30F99
C26890E20F99
C07A91FA0F99
BE91931A0F99
BCAD94420F99
BACE95730F99
B8F596AD0F99
B72197EE0F99
B55399380F99
B38B9A890F99
B1C89BE30F99
B00C9D440F99
AE569EAD0F99
ACA6A01E0F99
AAFDA1960F99
A95BA3160F99
A7BFA49C0F99
A62AA62A0F99
A49CA7BF0F99
A316A95B0F99
A196AAFD0F99
A01EACA60F99
9EADAE560F99
9D44B00C0F99
9BE3B1C80F99
9A89B38B0F99
9938B5530F99
97EEB7210F99
96ADB8F50F99
9573BACE0F99
9442BCAD0F99
931ABE910F99
91FAC07A0F99
90E2C2680F99
8FD3C45B0F99
8ECDC6530F99
8DD0C84F0F99
8CDBCA4F0F99
8BF0CC530F99
8B0ECE5C0F99
8A35D0680F99
8964D2790F99
889ED48C0F99
87E0D6A30F99
872CD8BE0F99
8681DADB0F99
85E0DCFB0F99
8548DF1E0F99
84BAE1440F99
8436E36C0F99
83BBE5960F99
834AE7C20F99
82E2E9F00F99
8285EC200F99
8231EE520F99
81E7F0840F99
81A6F2B80F99
8170F4ED0F99
8143F7230F99
8121F95A0F99
8108FB910F99
80F9FDC80F99
80F400000F99
80F902380F99
8108046F0F99
812106A60F99
814308DD0F99
81700B130F99
81A60D480F99
81E70F7C0F99
823111AE0F99
828513E00F99
82E216100F99
834A183E0F99
83BB1A6A0F99
84361C940F99
84BA1EBC0F99
854820E20F99
85E023050F99
868125250F99
872C27420F99
87E0295D0F99
889E2B740F99
89642D870F99
8A352F980F99
8B0E31A40F99
8BF033AD0F99
8CDB35B10F99
8DD037B10F99
8ECD39AD0F99
8FD33BA50F99
90E23D980F99
91FA3F860F99
931A416F0F99
944243530F99
957345320F99
96AD470B0F99
97EE48DF0F99
99384AAD0F99
9A894C750F99
9BE34E380F99
9D444FF40F99
9EAD51AA0F99
A01E535A0F99
A19655030F99
A31656A50F99
A49C58410F99
A62A59D60F99
A7BF5B640F99
A95B5CEA0F99
AAFD5E6A0F99
ACA65FE20F99
AE5661530F99
B00C62BC0F99
B1C8641D0F99
B38B65770F99
B55366C80F99
B72168120F99
B8F569530F99
BACE6A8D0F99
BCAD6BBE0F99
BE916CE60F99
C07A6E060F99
C2686F1E0F99
C45B702D0F99
C65371330F99
C84F72300F99
CA4F73250F99
CC5374100F99
CE5C74F20F99
D06875CB0F99
D279769C0F99
D48C77620F99
D6A378200F99
D8BE78D40F99
DADB797F0F99
DCFB7A200F99
DF1E7AB80F99
E1447B460F99
E36C7BCA0F99
E5967C450F99
E7C27CB60F99
E9F07D1E0F99
EC207D7B0F99
EE527DCF0F99
F0847E190F99
F2B87E5A0F99
F4ED7E900F99
F7237EBD0F99
F95A7EDF0F99
FB917EF80F99
FDC87F070F99
000000000000
000000000000
000000000000
000000000000
000000000000
000000000000
000000000000
000000000000
000000000000
000000000000
000000000000
000000000000
000000000000
000000000000
000000000000
000000000000
000000000000
000000000000
000000000000
000000000000
000000000000
000000000000
000000000000
000000000000
000000000000
000000000000
000000000000
000000000000
000000000000
000000000000
000000000000
000000000000
000000000000
000000000000
000000000000
000000000000
000000000000
000000000000
000000000000
000000000000
000000000000
000000000000
000000000000
000000000000
000000000000
000000000000
000000000000
000000000000
000000000000
000000000000
000000000000
000000000000
000000000000
000000000000
000000000000
000000000000
000000000000
000000000000
000000000000
000000000000
000000000000
000000000000
000000000000
000000000000
000000000000
000000000000
000000000000
000000000000
000000000000
000000000000
000000000000
000000000000
000000000000
000000000000
000000000000
000000000000
000000000000
000000000000
000000000000
000000000000
000000000000
000000000000
000000000000
000000000000
000000000000
000000000000
000000000000
000000000000
000000000000
000000000000
000000000000
000000000000
000000000000
000000000000
000000000000
000000000000
000000000000
000000000000
000000000000
000000000000
000000000000
000000000000
000000000000
000000000000
000000000000
000000000000
000000000000
000000000000
000000000000
000000000000
000000000000
000000000000
000000000000
000000000000
000000000000
000000000000
000000000000
000000000000
000000000000
000000000000
000000000000
000000000000
000000000000
000000000000
000000000000
000000000000
000000000000
000000000000
000000000000
000000000000
000000000000
000000000000
000000000000
000000000000
000000000000
000000000000
000000000000
000000000000
000000000000
000000000000
000000000000
000000000000
000000000000
000000000000
000000000000
000000000000
000000000000
000000000000
000000000000
000000000000
000000000000
000000000000
00007F0CF067
02387F07F067
046F7EF8F067
06A67EDFF067
08DD7EBDF067
0B137E90F067
0D487E5AF067
0F7C7E19F067
11AE7DCFF067
13E07D7BF067
16107D1EF067
183E7CB6F067
1A6A7C45F067
1C947BCAF067
1EBC7B46F067
20E27AB8F067
23057A20F067
2525797FF067
274278D4F067
295D7820F067
2B747762F067
2D87769CF067
2F9875CBF067
31A474F2F067
33AD7410F067
35B17325F067
37B17230F067
39AD7133F067
3BA5702DF067
3D986F1EF067
3F866E06F067
416F6CE6F067
43536BBEF067
45326A8DF067
470B6953F067
48DF6812F067
4AAD66C8F067
4C756577F067
4E38641DF067
4FF462BCF067
51AA6153F067
535A5FE2F067
55035E6AF067
56A55CEAF067
58415B64F067
59D659D6F067
5B645841F067
5CEA56A5F067
5E6A5503F067
5FE2535AF067
615351AAF067
62BC4FF4F067
641D4E38F067
65774C75F067
66C84AADF067
681248DFF067
6953470BF067
6A8D4532F067
6BBE4353F067
6CE6416FF067
6E063F86F067
6F1E3D98F067
702D3BA5F067
713339ADF067
723037B1F067
732535B1F067
741033ADF067
74F231A4F067
75CB2F98F067
769C2D87F067
77622B74F067
7820295DF067
78D42742F067
797F2525F067
7A202305F067
7AB820E2F067
7B461EBCF067
7BCA1C94F067
7C451A6AF067
7CB6183EF067
7D1E1610F067
7D7B13E0F067
7DCF11AEF067
7E190F7CF067
7E5A0D48F067
7E900B13F067
7EBD08DDF067
7EDF06A6F067
7EF8046FF067
7F070238F067
7F0C0000F067
7F07FDC8F067
7EF8FB91F067
7EDFF95AF067
7EBDF723F067
7E90F4EDF067
7E5AF2B8F067
7E19F084F067
7DCFEE52F067
7D7BEC20F067
7D1EE9F0F067
7CB6E7C2F067
7C45E596F067
7BCAE36CF067
7B46E144F067
7AB8DF1EF067
7A20DCFBF067
797FDADBF067
78D4D8BEF067
7820D6A3F067
7762D48CF067
769CD279F067
75CBD068F067
74F2CE5CF067
7410CC53F067
7325CA4FF067
7230C84FF067
7133C653F067
702DC45BF067
6F1EC268F067
6E06C07AF067
6CE6BE91F067
6BBEBCADF067
6A8DBACEF067
6953B8F5F067
6812B721F067
66C8B553F067
6577B38BF067
641DB1C8F067
62BCB00CF067
6153AE56F067
5FE2ACA6F067
5E6AAAFDF067
5CEAA95BF067
5B64A7BFF067
59D6A62AF067
5841A49CF067
56A5A316F067
5503A196F067
535AA01EF067
51AA9EADF067
4FF49D44F067
4E389BE3F067
4C759A89F067
4AAD9938F067
48DF97EEF067
470B96ADF067
45329573F067
43539442F067
416F931AF067
3F8691FAF067
3D9890E2F067
3BA58FD3F067
39AD8ECDF067
37B18DD0F067
35B18CDBF067
33AD8BF0F067
31A48B0EF067
2F988A35F067
2D878964F067
2B74889EF067
295D87E0F067
2742872CF067
25258681F067
230585E0F067
20E28548F067
1EBC84BAF067
1C948436F067
1A6A83BBF067
183E834AF067
161082E2F067
13E08285F067
11AE8231F067
0F7C81E7F067
0D4881A6F067
0B138170F067
08DD8143F067
06A68121F067
046F8108F067
023880F9F067
000080F4F067
FDC880F9F067
FB918108F067
F95A8121F067
F7238143F067
F4ED8170F067
F2B881A6F067
F08481E7F067
EE528231F067
EC208285F067
E9F082E2F067
E7C2834AF067
E59683BBF067
E36C8436F067
E14484BAF067
DF1E8548F067
DCFB85E0F067
DADB8681F067
D8BE872CF067
D6A387E0F067
D48C889EF067
D2798964F067
D0688A35F067
CE5C8B0EF067
CC538BF0F067
CA4F8CDBF067
C84F8DD0F067
C6538ECDF067
C45B8FD3F067
C26890E2F067
C07A91FAF067
BE91931AF067
BCAD9442F067
BACE9573F067
B8F596ADF067
B72197EEF067
B5539938F067
B38B9A89F067
B1C89BE3F067
B00C9D44F067
AE569EADF067
ACA6A01EF067
AAFDA196F067
A95BA316F067
A7BFA49CF067
A62AA62AF067
A49CA7BFF067
A316A95BF067
A196AAFDF067
A01EACA6F067
9EADAE56F067
9D44B00CF067
9BE3B1C8F067
9A89B38BF067
9938B553F067
97EEB721F067
96ADB8F5F067
9573BACEF067
9442BCADF067
931ABE91F067
91FAC07AF067
90E2C268F067
8FD3C45BF067
8ECDC653F067
8DD0C84FF067
8CDBCA4FF067
8BF0CC53F067
8B0ECE5CF067
8A35D068F067
8964D279F067
889ED48CF067
87E0D6A3F067
872CD8BEF067
8681DADBF067
85E0DCFBF067
8548DF1EF067
84BAE144F067
8436E36CF067
83BBE596F067
834AE7C2F067
82E2E9F0F067
8285EC20F067
8231EE52F067
81E7F084F067
81A6F2B8F067
8170F4EDF067
8143F723F067
8121F95AF067
8108FB91F067
80F9FDC8F067
80F40000F067
80F90238F067
8108046FF067
812106A6F067
814308DDF067
81700B13F067
81A60D48F067
81E70F7CF067
823111AEF067
828513E0F067
82E21610F067
834A183EF067
83BB1A6AF067
84361C94F067
84BA1EBCF067
854820E2F067
85E02305F067
86812525F067
872C2742F067
87E0295DF067
889E2B74F067
89642D87F067
8A352F98F067
8B0E31A4F067
8BF033ADF067
8CDB35B1F067
8DD037B1F067
8ECD39ADF067
8FD33BA5F067
90E23D98F067
91FA3F86F067
931A416FF067
94424353F067
95734532F067
96AD470BF067
97EE48DFF067
99384AADF067
9A894C75F067
9BE34E38F067
9D444FF4F067
9EAD51AAF067
A01E535AF067
A1965503F067
A31656A5F067
A49C5841F067
A62A59D6F067
A7BF5B64F067
A95B5CEAF067
AAFD5E6AF067
ACA65FE2F067
AE566153F067
B00C62BCF067
B1C8641DF067
B38B6577F067
B55366C8F067
B7216812F067
B8F56953F067
BACE6A8DF067
BCAD6BBEF067
BE916CE6F067
C07A6E06F067
C2686F1EF067
C45B702DF067
C6537133F067
C84F7230F067
CA4F7325F067
CC537410F067
CE5C74F2F067
D06875CBF067
D279769CF067
D48C7762F067
D6A37820F067
D8BE78D4F067
DADB797FF067
DCFB7A20F067
DF1E7AB8F067
E1447B46F067
E36C7BCAF067
E5967C45F067
E7C27CB6F067
E9F07D1EF067
EC207D7BF067
EE527DCFF067
F0847E19F067
F2B87E5AF067
F4ED7E90F067
F7237EBDF067
F95A7EDFF067
FB917EF8F067
FDC87F07F067
000000000000
000000000000
000000000000
000000000000
000000000000
000000000000
000000000000
000000000000
000000000000
000000000000
000000000000
000000000000
000000000000
000000000000
000000000000
000000000000
000000000000
000000000000
000000000000
000000000000
000000000000
000000000000
000000000000
000000000000
000000000000
000000000000
000000000000
000000000000
000000000000
000000000000
000000000000
000000000000
000000000000
000000000000
000000000000
000000000000
000000000000
000000000000
000000000000
000000000000
000000000000
000000000000
000000000000
000000000000
000000000000
000000000000
000000000000
000000000000
000000000000
000000000000
000000000000
000000000000
000000000000
000000000000
000000000000
000000000000
000000000000
000000000000
000000000000
000000000000
000000000000
000000000000
000000000000
000000000000
000000000000
000000000000
000000000000
000000000000
000000000000
000000000000
000000000000
000000000000
000000000000
000000000000
000000000000
000000000000
000000000000
000000000000
000000000000
000000000000
000000000000
000000000000
000000000000
000000000000
000000000000
000000000000
000000000000
000000000000
000000000000
000000000000
000000000000
000000000000
000000000000
000000000000
000000000000
000000000000
000000000000
000000000000
000000000000
000000000000
000000000000
000000000000
000000000000
000000000000
000000000000
000000000000
000000000000
000000000000
000000000000
000000000000
000000000000
000000000000
000000000000
000000000000
000000000000
000000000000
000000000000
000000000000
000000000000
000000000000
000000000000
000000000000
000000000000
000000000000
000000000000
000000000000
000000000000
000000000000
000000000000
000000000000
000000000000
000000000000
000000000000
000000000000
000000000000
000000000000
000000000000
000000000000
000000000000
000000000000
000000000000
000000000000
000000000000
000000000000
000000000000
000000000000
000000000000
000000000000
000000000000
000000000000
000000000000
000000000000
00007E6D1406
02357E681406
046A7E591406
069E7E401406
08D27E1E1406
0B057DF11406
0D377DBB1406
0F687D7B1406
11987D321406
13C77CDE1406
15F47C811406
181F7C1A1406
1A497BA91406
1C707B2F1406
1E967AAB1406
20B97A1E1406
22D979871406
24F678E61406
2711783D1406
292977891406
2B3D76CD1406
2D4E76071406
2F5C75381406
316674601406
336C737F1406
356E72941406
376C71A11406
396570A51406
3B5A6FA01406
3D4B6E931406
3F366D7D1406
411D6C5E1406
42FF6B371406
44DB6A071406
46B268CF1406
488467901406
4A4F66471406
4C1564F71406
4DD663A01406
4F9062401406
514460D91406
52F15F6A1406
54985DF41406
56395C761406
57D25AF11406
596559651406
5AF157D21406
5C7656391406
5DF454981406
5F6A52F11406
60D951441406
62404F901406
63A04DD61406
64F74C151406
66474A4F1406
679048841406
68CF46B21406
6A0744DB1406
6B3742FF1406
6C5E411D1406
6D7D3F361406
6E933D4B1406
6FA03B5A1406
70A539651406
71A1376C1406
7294356E1406
737F336C1406
746031661406
75382F5C1406
76072D4E1406
76CD2B3D1406
778929291406
783D27111406
78E624F61406
798722D91406
7A1E20B91406
7AAB1E961406
7B2F1C701406
7BA91A491406
7C1A181F1406
7C8115F41406
7CDE13C71406
7D3211981406
7D7B0F681406
7DBB0D371406
7DF10B051406
7E1E08D21406
7E40069E1406
7E59046A1406
7E6802351406
7E6D00001406
7E68FDCB1406
7E59FB961406
7E40F9621406
7E1EF72E1406
7DF1F4FB1406
7DBBF2C91406
7D7BF0981406
7D32EE681406
7CDEEC391406
7C81EA0C1406
7C1AE7E11406
7BA9E5B71406
7B2FE3901406
7AABE16A1406
7A1EDF471406
7987DD271406
78E6DB0A1406
783DD8EF1406
7789D6D71406
76CDD4C31406
7607D2B21406
7538D0A41406
7460CE9A1406
737FCC941406
7294CA921406
71A1C8941406
70A5C69B1406
6FA0C4A61406
6E93C2B51406
6D7DC0CA1406
6C5EBEE31406
6B37BD011406
6A07BB251406
68CFB94E1406
6790B77C1406
6647B5B11406
64F7B3EB1406
63A0B22A1406
6240B0701406
60D9AEBC1406
5F6AAD0F1406
5DF4AB681406
5C76A9C71406
5AF1A82E1406
5965A69B1406
57D2A50F1406
5639A38A1406
5498A20C1406
52F1A0961406
51449F271406
4F909DC01406
4DD69C601406
4C159B091406
4A4F99B91406
488498701406
46B297311406
44DB95F91406
42FF94C91406
411D93A21406
3F3692831406
3D4B916D1406
3B5A90601406
39658F5B1406
376C8E5F1406
356E8D6C1406
336C8C811406
31668BA01406
2F5C8AC81406
2D4E89F91406
2B3D89331406
292988771406
271187C31406
24F6871A1406
22D986791406
20B985E21406
1E9685551406
1C7084D11406
1A4984571406
181F83E61406
15F4837F1406
13C783221406
119882CE1406
0F6882851406
0D3782451406
0B05820F1406
08D281E21406
069E81C01406
046A81A71406
023581981406
000081931406
FDCB81981406
FB9681A71406
F96281C01406
F72E81E21406
F4FB820F1406
F2C982451406
F09882851406
EE6882CE1406
EC3983221406
EA0C837F1406
E7E183E61406
E5B784571406
E39084D11406
E16A85551406
DF4785E21406
DD2786791406
DB0A871A1406
D8EF87C31406
D6D788771406
D4C389331406
D2B289F91406
D0A48AC81406
CE9A8BA01406
CC948C811406
CA928D6C1406
C8948E5F1406
C69B8F5B1406
C4A690601406
C2B5916D1406
C0CA92831406
BEE393A21406
BD0194C91406
BB2595F91406
B94E97311406
B77C98701406
B5B199B91406
B3EB9B091406
B22A9C601406
B0709DC01406
AEBC9F271406
AD0FA0961406
AB68A20C1406
A9C7A38A1406
A82EA50F1406
A69BA69B1406
A50FA82E1406
A38AA9C71406
A20CAB681406
A096AD0F1406
9F27AEBC1406
9DC0B0701406
9C60B22A1406
9B09B3EB1406
99B9B5B11406
9870B77C1406
9731B94E1406
95F9BB251406
94C9BD011406
93A2BEE31406
9283C0CA1406
916DC2B51406
9060C4A61406
8F5BC69B1406
8E5FC8941406
8D6CCA921406
8C81CC941406
8BA0CE9A1406
8AC8D0A41406
89F9D2B21406
8933D4C31406
8877D6D71406
87C3D8EF1406
871ADB0A1406
8679DD271406
85E2DF471406
8555E16A1406
84D1E3901406
8457E5B71406
83E6E7E11406
837FEA0C1406
8322EC391406
82CEEE681406
8285F0981406
8245F2C91406
820FF4FB1406
81E2F72E1406
81C0F9621406
81A7FB961406
8198FDCB1406
819300001406
819802351406
81A7046A1406
81C0069E1406
81E208D21406
820F0B051406
82450D371406
82850F681406
82CE11981406
832213C71406
837F15F41406
83E6181F1406
84571A491406
84D11C701406
85551E961406
85E220B91406
867922D91406
871A24F61406
87C327111406
887729291406
89332B3D1406
89F92D4E1406
8AC82F5C1406
8BA031661406
8C81336C1406
8D6C356E1406
8E5F376C1406
8F5B39651406
90603B5A1406
916D3D4B1406
92833F361406
93A2411D1406
94C942FF1406
95F944DB1406
973146B21406
987048841406
99B94A4F1406
9B094C151406
9C604DD61406
9DC04F901406
9F2751441406
A09652F11406
A20C54981406
A38A56391406
A50F57D21406
A69B59651406
A82E5AF11406
A9C75C761406
AB685DF41406
AD0F5F6A1406
AEBC60D91406
B07062401406
B22A63A01406
B3EB64F71406
B5B166471406
B77C67901406
B94E68CF1406
BB256A071406
BD016B371406
BEE36C5E1406
C0CA6D7D1406
C2B56E931406
C4A66FA01406
C69B70A51406
C89471A11406
CA9272941406
CC94737F1406
CE9A74601406
D0A475381406
D2B276071406
D4C376CD1406
D6D777891406
D8EF783D1406
DB0A78E61406
DD2779871406
DF477A1E1406
E16A7AAB1406
E3907B2F1406
E5B77BA91406
E7E17C1A1406
EA0C7C811406
EC397CDE1406
EE687D321406
F0987D7B1406
F2C97DBB1406
F4FB7DF11406
F72E7E1E1406
F9627E401406
FB967E591406
FDCB7E681406
000000000000
000000000000
000000000000
000000000000
000000000000
000000000000
000000000000
000000000000
000000000000
000000000000
000000000000
000000000000
000000000000
000000000000
000000000000
000000000000
000000000000
000000000000
000000000000
000000000000
000000000000
000000000000
000000000000
000000000000
000000000000
000000000000
000000000000
000000000000
000000000000
000000000000
000000000000
000000000000
000000000000
000000000000
000000000000
000000000000
000000000000
000000000000
000000000000
000000000000
000000000000
000000000000
000000000000
000000000000
000000000000
000000000000
000000000000
000000000000
000000000000
000000000000
000000000000
000000000000
000000000000
000000000000
000000000000
000000000000
000000000000
000000000000
000000000000
000000000000
000000000000
000000000000
000000000000
000000000000
000000000000
000000000000
000000000000
000000000000
000000000000
000000000000
000000000000
000000000000
000000000000
000000000000
000000000000
000000000000
000000000000
000000000000
000000000000
000000000000
000000000000
000000000000
000000000000
000000000000
000000000000
000000000000
000000000000
000000000000
000000000000
000000000000
000000000000
000000000000
000000000000
000000000000
000000000000
000000000000
000000000000
000000000000
000000000000
000000000000
000000000000
000000000000
000000000000
000000000000
000000000000
000000000000
000000000000
000000000000
000000000000
000000000000
000000000000
000000000000
000000000000
000000000000
000000000000
000000000000
000000000000
000000000000
000000000000
000000000000
000000000000
000000000000
000000000000
000000000000
000000000000
000000000000
000000000000
000000000000
000000000000
000000000000
000000000000
000000000000
000000000000
000000000000
000000000000
000000000000
000000000000
000000000000
000000000000
000000000000
000000000000
000000000000
000000000000
000000000000
000000000000
000000000000
000000000000
000000000000
000000000000
000000000000
000000000000
000000000000
00007F83F4D8
023A7F7EF4D8
04737F6FF4D8
06AC7F57F4D8
08E57F34F4D8
0B1D7F07F4D8
0D547ED0F4D8
0F8A7E90F4D8
11BF7E46F4D8
13F37DF1F4D8
16247D93F4D8
18557D2CF4D8
1A837CBAF4D8
1CAF7C3FF4D8
1ED97BBAF4D8
21017B2BF4D8
23267A93F4D8
254879F1F4D8
27677946F4D8
29847891F4D8
2B9D77D3F4D8
2DB2770BF4D8
2FC4763AF4D8
31D37560F4D8
33DD747DF4D8
35E47391F4D8
37E6729CF4D8
39E4719DF4D8
3BDD7096F4D8
3DD26F86F4D8
3FC26E6EF4D8
41AD6D4DF4D8
43926C23F4D8
45736AF1F4D8
474E69B7F4D8
49236874F4D8
4AF36729F4D8
4CBD65D6F4D8
4E81647BF4D8
503F6319F4D8
51F761AEF4D8
53A8603CF4D8
55535EC3F4D8
56F75D42F4D8
58945BBAF4D8
5A2A5A2AF4D8
5BBA5894F4D8
5D4256F7F4D8
5EC35553F4D8
603C53A8F4D8
61AE51F7F4D8
6319503FF4D8
647B4E81F4D8
65D64CBDF4D8
67294AF3F4D8
68744923F4D8
69B7474EF4D8
6AF14573F4D8
6C234392F4D8
6D4D41ADF4D8
6E6E3FC2F4D8
6F863DD2F4D8
70963BDDF4D8
719D39E4F4D8
729C37E6F4D8
739135E4F4D8
747D33DDF4D8
756031D3F4D8
763A2FC4F4D8
770B2DB2F4D8
77D32B9DF4D8
78912984F4D8
79462767F4D8
79F12548F4D8
7A932326F4D8
7B2B2101F4D8
7BBA1ED9F4D8
7C3F1CAFF4D8
7CBA1A83F4D8
7D2C1855F4D8
7D931624F4D8
7DF113F3F4D8
7E4611BFF4D8
7E900F8AF4D8
7ED00D54F4D8
7F070B1DF4D8
7F3408E5F4D8
7F5706ACF4D8
7F6F0473F4D8
7F7E023AF4D8
7F830000F4D8
7F7EFDC6F4D8
7F6FFB8DF4D8
7F57F954F4D8
7F34F71BF4D8
7F07F4E3F4D8
7ED0F2ACF4D8
7E90F076F4D8
7E46EE41F4D8
7DF1EC0DF4D8
7D93E9DCF4D8
7D2CE7ABF4D8
7CBAE57DF4D8
7C3FE351F4D8
7BBAE127F4D8
7B2BDEFFF4D8
7A93DCDAF4D8
79F1DAB8F4D8
7946D899F4D8
7891D67CF4D8
77D3D463F4D8
770BD24EF4D8
763AD03CF4D8
7560CE2DF4D8
747DCC23F4D8
7391CA1CF4D8
729CC81AF4D8
719DC61CF4D8
7096C423F4D8
6F86C22EF4D8
6E6EC03EF4D8
6D4DBE53F4D8
6C23BC6EF4D8
6AF1BA8DF4D8
69B7B8B2F4D8
6874B6DDF4D8
6729B50DF4D8
65D6B343F4D8
647BB17FF4D8
6319AFC1F4D8
61AEAE09F4D8
603CAC58F4D8
5EC3AAADF4D8
5D42A909F4D8
5BBAA76CF4D8
5A2AA5D6F4D8
5894A446F4D8
56F7A2BEF4D8
5553A13DF4D8
53A89FC4F4D8
51F79E52F4D8
503F9CE7F4D8
4E819B85F4D8
4CBD9A2AF4D8
4AF398D7F4D8
4923978CF4D8
474E9649F4D8
4573950FF4D8
439293DDF4D8
41AD92B3F4D8
3FC29192F4D8
3DD2907AF4D8
3BDD8F6AF4D8
39E48E63F4D8
37E68D64F4D8
35E48C6FF4D8
33DD8B83F4D8
31D38AA0F4D8
2FC489C6F4D8
2DB288F5F4D8
2B9D882DF4D8
2984876FF4D8
276786BAF4D8
2548860FF4D8
2326856DF4D8
210184D5F4D8
1ED98446F4D8
1CAF83C1F4D8
1A838346F4D8
185582D4F4D8
1624826DF4D8
13F3820FF4D8
11BF81BAF4D8
0F8A8170F4D8
0D548130F4D8
0B1D80F9F4D8
08E580CCF4D8
06AC80A9F4D8
04738091F4D8
023A8082F4D8
0000807DF4D8
FDC68082F4D8
FB8D8091F4D8
F95480A9F4D8
F71B80CCF4D8
F4E380F9F4D8
F2AC8130F4D8
F0768170F4D8
EE4181BAF4D8
EC0D820FF4D8
E9DC826DF4D8
E7AB82D4F4D8
E57D8346F4D8
E35183C1F4D8
E1278446F4D8
DEFF84D5F4D8
DCDA856DF4D8
DAB8860FF4D8
D89986BAF4D8
D67C876FF4D8
D463882DF4D8
D24E88F5F4D8
D03C89C6F4D8
CE2D8AA0F4D8
CC238B83F4D8
CA1C8C6FF4D8
C81A8D64F4D8
C61C8E63F4D8
C4238F6AF4D8
C22E907AF4D8
C03E9192F4D8
BE5392B3F4D8
BC6E93DDF4D8
BA8D950FF4D8
B8B29649F4D8
B6DD978CF4D8
B50D98D7F4D8
B3439A2AF4D8
B17F9B85F4D8
AFC19CE7F4D8
AE099E52F4D8
AC589FC4F4D8
AAADA13DF4D8
A909A2BEF4D8
A76CA446F4D8
A5D6A5D6F4D8
A446A76CF4D8
A2BEA909F4D8
A13DAAADF4D8
9FC4AC58F4D8
9E52AE09F4D8
9CE7AFC1F4D8
9B85B17FF4D8
9A2AB343F4D8
98D7B50DF4D8
978CB6DDF4D8
9649B8B2F4D8
950FBA8DF4D8
93DDBC6EF4D8
92B3BE53F4D8
9192C03EF4D8
907AC22EF4D8
8F6AC423F4D8
8E63C61CF4D8
8D64C81AF4D8
8C6FCA1CF4D8
8B83CC23F4D8
8AA0CE2DF4D8
89C6D03CF4D8
88F5D24EF4D8
882DD463F4D8
876FD67CF4D8
86BAD899F4D8
860FDAB8F4D8
856DDCDAF4D8
84D5DEFFF4D8
8446E127F4D8
83C1E351F4D8
8346E57DF4D8
82D4E7ABF4D8
826DE9DCF4D8
820FEC0DF4D8
81BAEE41F4D8
8170F076F4D8
8130F2ACF4D8
80F9F4E3F4D8
80CCF71BF4D8
80A9F954F4D8
8091FB8DF4D8
8082FDC6F4D8
807D0000F4D8
8082023AF4D8
80910473F4D8
80A906ACF4D8
80CC08E5F4D8
80F90B1DF4D8
81300D54F4D8
81700F8AF4D8
81BA11BFF4D8
820F13F3F4D8
826D1624F4D8
82D41855F4D8
83461A83F4D8
83C11CAFF4D8
84461ED9F4D8
84D52101F4D8
856D2326F4D8
860F2548F4D8
86BA2767F4D8
876F2984F4D8
882D2B9DF4D8
88F52DB2F4D8
89C62FC4F4D8
8AA031D3F4D8
8B8333DDF4D8
8C6F35E4F4D8
8D6437E6F4D8
8E6339E4F4D8
8F6A3BDDF4D8
907A3DD2F4D8
91923FC2F4D8
92B341ADF4D8
93DD4392F4D8
950F4573F4D8
9649474EF4D8
978C4923F4D8
98D74AF3F4D8
9A2A4CBDF4D8
9B854E81F4D8
9CE7503FF4D8
9E5251F7F4D8
9FC453A8F4D8
A13D5553F4D8
A2BE56F7F4D8
A4465894F4D8
A5D65A2AF4D8
A76C5BBAF4D8
A9095D42F4D8
AAAD5EC3F4D8
AC58603CF4D8
AE0961AEF4D8
AFC16319F4D8
B17F647BF4D8
B34365D6F4D8
B50D6729F4D8
B6DD6874F4D8
B8B269B7F4D8
BA8D6AF1F4D8
BC6E6C23F4D8
BE536D4DF4D8
C03E6E6EF4D8
C22E6F86F4D8
C4237096F4D8
C61C719DF4D8
C81A729CF4D8
CA1C7391F4D8
CC23747DF4D8
CE2D7560F4D8
D03C763AF4D8
D24E770BF4D8
D46377D3F4D8
D67C7891F4D8
D8997946F4D8
DAB879F1F4D8
DCDA7A93F4D8
DEFF7B2BF4D8
E1277BBAF4D8
E3517C3FF4D8
E57D7CBAF4D8
E7AB7D2CF4D8
E9DC7D93F4D8
EC0D7DF1F4D8
EE417E46F4D8
F0767E90F4D8
F2AC7ED0F4D8
F4E37F07F4D8
F71B7F34F4D8
F9547F57F4D8
FB8D7F6FF4D8
FDC67F7EF4D8
000000000000
000000000000
000000000000
000000000000
000000000000
000000000000
000000000000
000000000000
000000000000
000000000000
000000000000
000000000000
000000000000
000000000000
000000000000
000000000000
000000000000
000000000000
000000000000
000000000000
000000000000
000000000000
000000000000
000000000000
000000000000
000000000000
000000000000
000000000000
000000000000
000000000000
000000000000
000000000000
000000000000
000000000000
000000000000
000000000000
000000000000
000000000000
000000000000
000000000000
000000000000
000000000000
000000000000
000000000000
000000000000
000000000000
000000000000
000000000000
000000000000
000000000000
000000000000
000000000000
000000000000
000000000000
000000000000
000000000000
000000000000
000000000000
000000000000
000000000000
000000000000
000000000000
000000000000
000000000000
000000000000
000000000000
000000000000
000000000000
000000000000
000000000000
000000000000
000000000000
000000000000
000000000000
000000000000
000000000000
000000000000
000000000000
000000000000
000000000000
000000000000
000000000000
000000000000
000000000000
000000000000
000000000000
000000000000
000000000000
000000000000
000000000000
000000000000
000000000000
000000000000
000000000000
000000000000
000000000000
000000000000
000000000000
000000000000
000000000000
000000000000
000000000000
000000000000
000000000000
000000000000
000000000000
000000000000
000000000000
000000000000
000000000000
000000000000
000000000000
000000000000
000000000000
000000000000
000000000000
000000000000
000000000000
000000000000
000000000000
000000000000
000000000000
000000000000
000000000000
000000000000
000000000000
000000000000
000000000000
000000000000
000000000000
000000000000
000000000000
000000000000
000000000000
000000000000
000000000000
000000000000
000000000000
000000000000
000000000000
000000000000
000000000000
000000000000
000000000000
000000000000
000000000000
000000000000
000000000000
000000000000
000000000000
000000000000
000000000000
00007DA6186C
02317DA1186C
04637D92186C
06937D7A186C
08C47D58186C
0AF37D2C186C
0D227CF6186C
0F507CB6186C
117D7C6D186C
13A87C1A186C
15D27BBD186C
17FA7B57186C
1A207AE7186C
1C447A6E186C
1E6679EA186C
2085795E186C
22A278C8186C
24BC7828186C
26D47780186C
28E876CE186C
2AF97612186C
2D07754E186C
2F127480186C
311873A9186C
331B72C9186C
351A71E0186C
371570EF186C
390B6FF4186C
3AFD6EF1186C
3CEA6DE5186C
3ED36CD1186C
40B76BB4186C
42956A8E186C
446F6961186C
4643682B186C
481266ED186C
49DB65A7186C
4B9E6459186C
4D5B6303186C
4F1361A6186C
50C46041186C
526F5ED4186C
54135D60186C
55B15BE5186C
57485A62186C
58D958D9186C
5A625748186C
5BE555B1186C
5D605413186C
5ED4526F186C
604150C4186C
61A64F13186C
63034D5B186C
64594B9E186C
65A749DB186C
66ED4812186C
682B4643186C
6961446F186C
6A8E4295186C
6BB440B7186C
6CD13ED3186C
6DE53CEA186C
6EF13AFD186C
6FF4390B186C
70EF3715186C
71E0351A186C
72C9331B186C
73A93118186C
74802F12186C
754E2D07186C
76122AF9186C
76CE28E8186C
778026D4186C
782824BC186C
78C822A2186C
795E2085186C
79EA1E66186C
7A6E1C44186C
7AE71A20186C
7B5717FA186C
7BBD15D2186C
7C1A13A8186C
7C6D117D186C
7CB60F50186C
7CF60D22186C
7D2C0AF3186C
7D5808C4186C
7D7A0693186C
7D920463186C
7DA10231186C
7DA60000186C
7DA1FDCF186C
7D92FB9D186C
7D7AF96D186C
7D58F73C186C
7D2CF50D186C
7CF6F2DE186C
7CB6F0B0186C
7C6DEE83186C
7C1AEC58186C
7BBDEA2E186C
7B57E806186C
7AE7E5E0186C
7A6EE3BC186C
79EAE19A186C
795EDF7B186C
78C8DD5E186C
7828DB44186C
7780D92C186C
76CED718186C
7612D507186C
754ED2F9186C
7480D0EE186C
73A9CEE8186C
72C9CCE5186C
71E0CAE6186C
70EFC8EB186C
6FF4C6F5186C
6EF1C503186C
6DE5C316186C
6CD1C12D186C
6BB4BF49186C
6A8EBD6B186C
6961BB91186C
682BB9BD186C
66EDB7EE186C
65A7B625186C
6459B462186C
6303B2A5186C
61A6B0ED186C
6041AF3C186C
5ED4AD91186C
5D60ABED186C
5BE5AA4F186C
5A62A8B8186C
58D9A727186C
5748A59E186C
55B1A41B186C
5413A2A0186C
526FA12C186C
50C49FBF186C
4F139E5A186C
4D5B9CFD186C
4B9E9BA7186C
49DB9A59186C
48129913186C
464397D5186C
446F969F186C
42959572186C
40B7944C186C
3ED3932F186C
3CEA921B186C
3AFD910F186C
390B900C186C
37158F11186C
351A8E20186C
331B8D37186C
31188C57186C
2F128B80186C
2D078AB2186C
2AF989EE186C
28E88932186C
26D48880186C
24BC87D8186C
22A28738186C
208586A2186C
1E668616186C
1C448592186C
1A208519186C
17FA84A9186C
15D28443186C
13A883E6186C
117D8393186C
0F50834A186C
0D22830A186C
0AF382D4186C
08C482A8186C
06938286186C
0463826E186C
0231825F186C
0000825A186C
FDCF825F186C
FB9D826E186C
F96D8286186C
F73C82A8186C
F50D82D4186C
F2DE830A186C
F0B0834A186C
EE838393186C
EC5883E6186C
EA2E8443186C
E80684A9186C
E5E08519186C
E3BC8592186C
E19A8616186C
DF7B86A2186C
DD5E8738186C
DB4487D8186C
D92C8880186C
D7188932186C
D50789EE186C
D2F98AB2186C
D0EE8B80186C
CEE88C57186C
CCE58D37186C
CAE68E20186C
C8EB8F11186C
C6F5900C186C
C503910F186C
C316921B186C
C12D932F186C
BF49944C186C
BD6B9572186C
BB91969F186C
B9BD97D5186C
B7EE9913186C
B6259A59186C
B4629BA7186C
B2A59CFD186C
B0ED9E5A186C
AF3C9FBF186C
AD91A12C186C
ABEDA2A0186C
AA4FA41B186C
A8B8A59E186C
A727A727186C
A59EA8B8186C
A41BAA4F186C
A2A0ABED186C
A12CAD91186C
9FBFAF3C186C
9E5AB0ED186C
9CFDB2A5186C
9BA7B462186C
9A59B625186C
9913B7EE186C
97D5B9BD186C
969FBB91186C
9572BD6B186C
944CBF49186C
932FC12D186C
921BC316186C
910FC503186C
900CC6F5186C
8F11C8EB186C
8E20CAE6186C
8D37CCE5186C
8C57CEE8186C
8B80D0EE186C
8AB2D2F9186C
89EED507186C
8932D718186C
8880D92C186C
87D8DB44186C
8738DD5E186C
86A2DF7B186C
8616E19A186C
8592E3BC186C
8519E5E0186C
84A9E806186C
8443EA2E186C
83E6EC58186C
8393EE83186C
834AF0B0186C
830AF2DE186C
82D4F50D186C
82A8F73C186C
8286F96D186C
826EFB9D186C
825FFDCF186C
825A0000186C
825F0231186C
826E0463186C
82860693186C
82A808C4186C
82D40AF3186C
830A0D22186C
834A0F50186C
8393117D186C
83E613A8186C
844315D2186C
84A917FA186C
85191A20186C
85921C44186C
86161E66186C
86A22085186C
873822A2186C
87D824BC186C
888026D4186C
893228E8186C
89EE2AF9186C
8AB22D07186C
8B802F12186C
8C573118186C
8D37331B186C
8E20351A186C
8F113715186C
900C390B186C
910F3AFD186C
921B3CEA186C
932F3ED3186C
944C40B7186C
95724295186C
969F446F186C
97D54643186C
99134812186C
9A5949DB186C
9BA74B9E186C
9CFD4D5B186C
9E5A4F13186C
9FBF50C4186C
A12C526F186C
A2A05413186C
A41B55B1186C
A59E5748186C
A72758D9186C
A8B85A62186C
AA4F5BE5186C
ABED5D60186C
AD915ED4186C
AF3C6041186C
B0ED61A6186C
B2A56303186C
B4626459186C
B62565A7186C
B7EE66ED186C
B9BD682B186C
BB916961186C
BD6B6A8E186C
BF496BB4186C
C12D6CD1186C
C3166DE5186C
C5036EF1186C
C6F56FF4186C
C8EB70EF186C
CAE671E0186C
CCE572C9186C
CEE873A9186C
D0EE7480186C
D2F9754E186C
D5077612186C
D71876CE186C
D92C7780186C
DB447828186C
DD5E78C8186C
DF7B795E186C
E19A79EA186C
E3BC7A6E186C
E5E07AE7186C
E8067B57186C
EA2E7BBD186C
EC587C1A186C
EE837C6D186C
F0B07CB6186C
F2DE7CF6186C
F50D7D2C186C
F73C7D58186C
F96D7D7A186C
FB9D7D92186C
FDCF7DA1186C
000000000000
000000000000
000000000000
000000000000
000000000000
000000000000
000000000000
000000000000
000000000000
000000000000
000000000000
000000000000
000000000000
000000000000
000000000000
000000000000
000000000000
000000000000
000000000000
000000000000
000000000000
000000000000
000000000000
000000000000
000000000000
000000000000
000000000000
000000000000
000000000000
000000000000
000000000000
000000000000
000000000000
000000000000
000000000000
000000000000
000000000000
000000000000
000000000000
000000000000
000000000000
000000000000
000000000000
000000000000
000000000000
000000000000
000000000000
000000000000
000000000000
000000000000
000000000000
000000000000
000000000000
000000000000
000000000000
000000000000
000000000000
000000000000
000000000000
000000000000
000000000000
000000000000
000000000000
000000000000
000000000000
000000000000
000000000000
000000000000
000000000000
000000000000
000000000000
000000000000
000000000000
000000000000
000000000000
000000000000
000000000000
000000000000
000000000000
000000000000
000000000000
000000000000
000000000000
000000000000
000000000000
000000000000
000000000000
000000000000
000000000000
000000000000
000000000000
000000000000
000000000000
000000000000
000000000000
000000000000
000000000000
000000000000
000000000000
000000000000
000000000000
000000000000
000000000000
000000000000
000000000000
000000000000
000000000000
000000000000
000000000000
000000000000
000000000000
000000000000
000000000000
000000000000
000000000000
000000000000
000000000000
000000000000
000000000000
000000000000
000000000000
000000000000
000000000000
000000000000
000000000000
000000000000
000000000000
000000000000
000000000000
000000000000
000000000000
000000000000
000000000000
000000000000
000000000000
000000000000
000000000000
000000000000
000000000000
000000000000
000000000000
000000000000
000000000000
000000000000
000000000000
000000000000
000000000000
000000000000
000000000000
000000000000
000000000000
000000000000
00007FD3F94D
023B7FCEF94D
04767FBFF94D
06B17FA6F94D
08EB7F83F94D
0B247F57F94D
0D5C7F20F94D
0F947EDFF94D
11CA7E95F94D
13FF7E40F94D
16327DE2F94D
18647D7AF94D
1A947D08F94D
1CC17C8CF94D
1EEC7C07F94D
21157B78F94D
233C7ADFF94D
255F7A3DF94D
27807992F94D
299E78DCF94D
2BB8781EF94D
2DCF7756F94D
2FE27684F94D
31F275AAF94D
33FE74C6F94D
360573D9F94D
380972E3F94D
3A0871E4F94D
3C0370DDF94D
3DF86FCCF94D
3FEA6EB3F94D
41D66D91F94D
43BD6C67F94D
459E6B34F94D
477B69F9F94D
495168B5F94D
4B22676AF94D
4CED6616F94D
4EB264BAF94D
50716357F94D
522A61EBF94D
53DC6078F94D
55885EFEF94D
572D5D7CF94D
58CB5BF3F94D
5A635A63F94D
5BF358CBF94D
5D7C572DF94D
5EFE5588F94D
607853DCF94D
61EB522AF94D
63575071F94D
64BA4EB2F94D
66164CEDF94D
676A4B22F94D
68B54951F94D
69F9477BF94D
6B34459EF94D
6C6743BDF94D
6D9141D6F94D
6EB33FEAF94D
6FCC3DF8F94D
70DD3C03F94D
71E43A08F94D
72E33809F94D
73D93605F94D
74C633FEF94D
75AA31F2F94D
76842FE2F94D
77562DCFF94D
781E2BB8F94D
78DC299EF94D
79922780F94D
7A3D255FF94D
7ADF233CF94D
7B782115F94D
7C071EECF94D
7C8C1CC1F94D
7D081A94F94D
7D7A1864F94D
7DE21632F94D
7E4013FFF94D
7E9511CAF94D
7EDF0F94F94D
7F200D5CF94D
7F570B24F94D
7F8308EBF94D
7FA606B1F94D
7FBF0476F94D
7FCE023BF94D
7FD30000F94D
7FCEFDC5F94D
7FBFFB8AF94D
7FA6F94FF94D
7F83F715F94D
7F57F4DCF94D
7F20F2A4F94D
7EDFF06CF94D
7E95EE36F94D
7E40EC01F94D
7DE2E9CEF94D
7D7AE79CF94D
7D08E56CF94D
7C8CE33FF94D
7C07E114F94D
7B78DEEBF94D
7ADFDCC4F94D
7A3DDAA1F94D
7992D880F94D
78DCD662F94D
781ED448F94D
7756D231F94D
7684D01EF94D
75AACE0EF94D
74C6CC02F94D
73D9C9FBF94D
72E3C7F7F94D
71E4C5F8F94D
70DDC3FDF94D
6FCCC208F94D
6EB3C016F94D
6D91BE2AF94D
6C67BC43F94D
6B34BA62F94D
69F9B885F94D
68B5B6AFF94D
676AB4DEF94D
6616B313F94D
64BAB14EF94D
6357AF8FF94D
61EBADD6F94D
6078AC24F94D
5EFEAA78F94D
5D7CA8D3F94D
5BF3A735F94D
5A63A59DF94D
58CBA40DF94D
572DA284F94D
5588A102F94D
53DC9F88F94D
522A9E15F94D
50719CA9F94D
4EB29B46F94D
4CED99EAF94D
4B229896F94D
4951974BF94D
477B9607F94D
459E94CCF94D
43BD9399F94D
41D6926FF94D
3FEA914DF94D
3DF89034F94D
3C038F23F94D
3A088E1CF94D
38098D1DF94D
36058C27F94D
33FE8B3AF94D
31F28A56F94D
2FE2897CF94D
2DCF88AAF94D
2BB887E2F94D
299E8724F94D
2780866EF94D
255F85C3F94D
233C8521F94D
21158488F94D
1EEC83F9F94D
1CC18374F94D
1A9482F8F94D
18648286F94D
1632821EF94D
13FF81C0F94D
11CA816BF94D
0F948121F94D
0D5C80E0F94D
0B2480A9F94D
08EB807DF94D
06B1805AF94D
04768041F94D
023B8032F94D
0000802DF94D
FDC58032F94D
FB8A8041F94D
F94F805AF94D
F715807DF94D
F4DC80A9F94D
F2A480E0F94D
F06C8121F94D
EE36816BF94D
EC0181C0F94D
E9CE821EF94D
E79C8286F94D
E56C82F8F94D
E33F8374F94D
E11483F9F94D
DEEB8488F94D
DCC48521F94D
DAA185C3F94D
D880866EF94D
D6628724F94D
D44887E2F94D
D23188AAF94D
D01E897CF94D
CE0E8A56F94D
CC028B3AF94D
C9FB8C27F94D
C7F78D1DF94D
C5F88E1CF94D
C3FD8F23F94D
C2089034F94D
C016914DF94D
BE2A926FF94D
BC439399F94D
BA6294CCF94D
B8859607F94D
B6AF974BF94D
B4DE9896F94D
B31399EAF94D
B14E9B46F94D
AF8F9CA9F94D
ADD69E15F94D
AC249F88F94D
AA78A102F94D
A8D3A284F94D
A735A40DF94D
A59DA59DF94D
A40DA735F94D
A284A8D3F94D
A102AA78F94D
9F88AC24F94D
9E15ADD6F94D
9CA9AF8FF94D
9B46B14EF94D
99EAB313F94D
9896B4DEF94D
974BB6AFF94D
9607B885F94D
94CCBA62F94D
9399BC43F94D
926FBE2AF94D
914DC016F94D
9034C208F94D
8F23C3FDF94D
8E1CC5F8F94D
8D1DC7F7F94D
8C27C9FBF94D
8B3ACC02F94D
8A56CE0EF94D
897CD01EF94D
88AAD231F94D
87E2D448F94D
8724D662F94D
866ED880F94D
85C3DAA1F94D
8521DCC4F94D
8488DEEBF94D
83F9E114F94D
8374E33FF94D
82F8E56CF94D
8286E79CF94D
821EE9CEF94D
81C0EC01F94D
816BEE36F94D
8121F06CF94D
80E0F2A4F94D
80A9F4DCF94D
807DF715F94D
805AF94FF94D
8041FB8AF94D
8032FDC5F94D
802D0000F94D
8032023BF94D
80410476F94D
805A06B1F94D
807D08EBF94D
80A90B24F94D
80E00D5CF94D
81210F94F94D
816B11CAF94D
81C013FFF94D
821E1632F94D
82861864F94D
82F81A94F94D
83741CC1F94D
83F91EECF94D
84882115F94D
8521233CF94D
85C3255FF94D
866E2780F94D
8724299EF94D
87E22BB8F94D
88AA2DCFF94D
897C2FE2F94D
8A5631F2F94D
8B3A33FEF94D
8C273605F94D
8D1D3809F94D
8E1C3A08F94D
8F233C03F94D
90343DF8F94D
914D3FEAF94D
926F41D6F94D
939943BDF94D
94CC459EF94D
9607477BF94D
974B4951F94D
98964B22F94D
99EA4CEDF94D
9B464EB2F94D
9CA95071F94D
9E15522AF94D
9F8853DCF94D
A1025588F94D
A284572DF94D
A40D58CBF94D
A59D5A63F94D
A7355BF3F94D
A8D35D7CF94D
AA785EFEF94D
AC246078F94D
ADD661EBF94D
AF8F6357F94D
B14E64BAF94D
B3136616F94D
B4DE676AF94D
B6AF68B5F94D
B88569F9F94D
BA626B34F94D
BC436C67F94D
BE2A6D91F94D
C0166EB3F94D
C2086FCCF94D
C3FD70DDF94D
C5F871E4F94D
C7F772E3F94D
C9FB73D9F94D
CC0274C6F94D
CE0E75AAF94D
D01E7684F94D
D2317756F94D
D448781EF94D
D66278DCF94D
D8807992F94D
DAA17A3DF94D
DCC47ADFF94D
DEEB7B78F94D
E1147C07F94D
E33F7C8CF94D
E56C7D08F94D
E79C7D7AF94D
E9CE7DE2F94D
EC017E40F94D
EE367E95F94D
F06C7EDFF94D
F2A47F20F94D
F4DC7F57F94D
F7157F83F94D
F94F7FA6F94D
FB8A7FBFF94D
FDC57FCEF94D
000000000000
000000000000
000000000000
000000000000
000000000000
000000000000
000000000000
000000000000
000000000000
000000000000
000000000000
000000000000
000000000000
000000000000
000000000000
000000000000
000000000000
000000000000
000000000000
000000000000
000000000000
000000000000
000000000000
000000000000
000000000000
000000000000
000000000000
000000000000
000000000000
000000000000
000000000000
000000000000
000000000000
000000000000
000000000000
000000000000
000000000000
000000000000
000000000000
000000000000
000000000000
000000000000
000000000000
000000000000
000000000000
000000000000
000000000000
000000000000
000000000000
000000000000
000000000000
000000000000
000000000000
000000000000
000000000000
000000000000
000000000000
000000000000
000000000000
000000000000
000000000000
000000000000
000000000000
000000000000
000000000000
000000000000
000000000000
000000000000
000000000000
000000000000
000000000000
000000000000
000000000000
000000000000
000000000000
000000000000
000000000000
000000000000
000000000000
000000000000
000000000000
000000000000
000000000000
000000000000
000000000000
000000000000
000000000000
000000000000
000000000000
000000000000
000000000000
000000000000
000000000000
000000000000
000000000000
000000000000
000000000000
000000000000
000000000000
000000000000
000000000000
000000000000
000000000000
000000000000
000000000000
000000000000
000000000000
000000000000
000000000000
000000000000
000000000000
000000000000
000000000000
000000000000
000000000000
000000000000
000000000000
000000000000
000000000000
000000000000
000000000000
000000000000
000000000000
000000000000
000000000000
000000000000
000000000000
000000000000
000000000000
000000000000
000000000000
000000000000
000000000000
000000000000
000000000000
000000000000
000000000000
000000000000
000000000000
000000000000
000000000000
000000000000
000000000000
000000000000
000000000000
000000000000
000000000000
000000000000
000000000000
000000000000
000000000000
000000000000
00007CB81CCB
022D7CB31CCB
045A7CA51CCB
06877C8C1CCB
08B37C6A1CCB
0ADF7C3F1CCB
0D097C091CCB
0F337BCA1CCB
115C7B811CCB
13837B2F1CCB
15A87AD31CCB
17CC7A6E1CCB
19EE79FE1CCB
1C0E79861CCB
1E2C79041CCB
204878781CCB
226177E31CCB
247777451CCB
268A769D1CCB
289B75ED1CCB
2AA875331CCB
2CB274701CCB
2EB873A31CCB
30BB72CE1CCB
32BA71F01CCB
34B571091CCB
36AC70191CCB
389F6F201CCB
3A8D6E1F1CCB
3C776D151CCB
3E5C6C031CCB
403C6AE81CCB
421769C51CCB
43ED68991CCB
45BE67661CCB
4789662A1CCB
494F64E61CCB
4B0F639B1CCB
4CC962481CCB
4E7D60ED1CCB
502B5F8A1CCB
51D35E201CCB
53745CAF1CCB
550F5B371CCB
56A359B71CCB
583158311CCB
59B756A31CCB
5B37550F1CCB
5CAF53741CCB
5E2051D31CCB
5F8A502B1CCB
60ED4E7D1CCB
62484CC91CCB
639B4B0F1CCB
64E6494F1CCB
662A47891CCB
676645BE1CCB
689943ED1CCB
69C542171CCB
6AE8403C1CCB
6C033E5C1CCB
6D153C771CCB
6E1F3A8D1CCB
6F20389F1CCB
701936AC1CCB
710934B51CCB
71F032BA1CCB
72CE30BB1CCB
73A32EB81CCB
74702CB21CCB
75332AA81CCB
75ED289B1CCB
769D268A1CCB
774524771CCB
77E322611CCB
787820481CCB
79041E2C1CCB
79861C0E1CCB
79FE19EE1CCB
7A6E17CC1CCB
7AD315A81CCB
7B2F13831CCB
7B81115C1CCB
7BCA0F331CCB
7C090D091CCB
7C3F0ADF1CCB
7C6A08B31CCB
7C8C06871CCB
7CA5045A1CCB
7CB3022D1CCB
7CB800001CCB
7CB3FDD31CCB
7CA5FBA61CCB
7C8CF9791CCB
7C6AF74D1CCB
7C3FF5211CCB
7C09F2F71CCB
7BCAF0CD1CCB
7B81EEA41CCB
7B2FEC7D1CCB
7AD3EA581CCB
7A6EE8341CCB
79FEE6121CCB
7986E3F21CCB
7904E1D41CCB
7878DFB81CCB
77E3DD9F1CCB
7745DB891CCB
769DD9761CCB
75EDD7651CCB
7533D5581CCB
7470D34E1CCB
73A3D1481CCB
72CECF451CCB
71F0CD461CCB
7109CB4B1CCB
7019C9541CCB
6F20C7611CCB
6E1FC5731CCB
6D15C3891CCB
6C03C1A41CCB
6AE8BFC41CCB
69C5BDE91CCB
6899BC131CCB
6766BA421CCB
662AB8771CCB
64E6B6B11CCB
639BB4F11CCB
6248B3371CCB
60EDB1831CCB
5F8AAFD51CCB
5E20AE2D1CCB
5CAFAC8C1CCB
5B37AAF11CCB
59B7A95D1CCB
5831A7CF1CCB
56A3A6491CCB
550FA4C91CCB
5374A3511CCB
51D3A1E01CCB
502BA0761CCB
4E7D9F131CCB
4CC99DB81CCB
4B0F9C651CCB
494F9B1A1CCB
478999D61CCB
45BE989A1CCB
43ED97671CCB
4217963B1CCB
403C95181CCB
3E5C93FD1CCB
3C7792EB1CCB
3A8D91E11CCB
389F90E01CCB
36AC8FE71CCB
34B58EF71CCB
32BA8E101CCB
30BB8D321CCB
2EB88C5D1CCB
2CB28B901CCB
2AA88ACD1CCB
289B8A131CCB
268A89631CCB
247788BB1CCB
2261881D1CCB
204887881CCB
1E2C86FC1CCB
1C0E867A1CCB
19EE86021CCB
17CC85921CCB
15A8852D1CCB
138384D11CCB
115C847F1CCB
0F3384361CCB
0D0983F71CCB
0ADF83C11CCB
08B383961CCB
068783741CCB
045A835B1CCB
022D834D1CCB
000083481CCB
FDD3834D1CCB
FBA6835B1CCB
F97983741CCB
F74D83961CCB
F52183C11CCB
F2F783F71CCB
F0CD84361CCB
EEA4847F1CCB
EC7D84D11CCB
EA58852D1CCB
E83485921CCB
E61286021CCB
E3F2867A1CCB
E1D486FC1CCB
DFB887881CCB
DD9F881D1CCB
DB8988BB1CCB
D97689631CCB
D7658A131CCB
D5588ACD1CCB
D34E8B901CCB
D1488C5D1CCB
CF458D321CCB
CD468E101CCB
CB4B8EF71CCB
C9548FE71CCB
C76190E01CCB
C57391E11CCB
C38992EB1CCB
C1A493FD1CCB
BFC495181CCB
BDE9963B1CCB
BC1397671CCB
BA42989A1CCB
B87799D61CCB
B6B19B1A1CCB
B4F19C651CCB
B3379DB81CCB
B1839F131CCB
AFD5A0761CCB
AE2DA1E01CCB
AC8CA3511CCB
AAF1A4C91CCB
A95DA6491CCB
A7CFA7CF1CCB
A649A95D1CCB
A4C9AAF11CCB
A351AC8C1CCB
A1E0AE2D1CCB
A076AFD51CCB
9F13B1831CCB
9DB8B3371CCB
9C65B4F11CCB
9B1AB6B11CCB
99D6B8771CCB
989ABA421CCB
9767BC131CCB
963BBDE91CCB
9518BFC41CCB
93FDC1A41CCB
92EBC3891CCB
91E1C5731CCB
90E0C7611CCB
8FE7C9541CCB
8EF7CB4B1CCB
8E10CD461CCB
8D32CF451CCB
8C5DD1481CCB
8B90D34E1CCB
8ACDD5581CCB
8A13D7651CCB
8963D9761CCB
88BBDB891CCB
881DDD9F1CCB
8788DFB81CCB
86FCE1D41CCB
867AE3F21CCB
8602E6121CCB
8592E8341CCB
852DEA581CCB
84D1EC7D1CCB
847FEEA41CCB
8436F0CD1CCB
83F7F2F71CCB
83C1F5211CCB
8396F74D1CCB
8374F9791CCB
835BFBA61CCB
834DFDD31CCB
834800001CCB
834D022D1CCB
835B045A1CCB
837406871CCB
839608B31CCB
83C10ADF1CCB
83F70D091CCB
84360F331CCB
847F115C1CCB
84D113831CCB
852D15A81CCB
859217CC1CCB
860219EE1CCB
867A1C0E1CCB
86FC1E2C1CCB
878820481CCB
881D22611CCB
88BB24771CCB
8963268A1CCB
8A13289B1CCB
8ACD2AA81CCB
8B902CB21CCB
8C5D2EB81CCB
8D3230BB1CCB
8E1032BA1CCB
8EF734B51CCB
8FE736AC1CCB
90E0389F1CCB
91E13A8D1CCB
92EB3C771CCB
93FD3E5C1CCB
9518403C1CCB
963B42171CCB
976743ED1CCB
989A45BE1CCB
99D647891CCB
9B1A494F1CCB
9C654B0F1CCB
9DB84CC91CCB
9F134E7D1CCB
A076502B1CCB
A1E051D31CCB
A35153741CCB
A4C9550F1CCB
A64956A31CCB
A7CF58311CCB
A95D59B71CCB
AAF15B371CCB
AC8C5CAF1CCB
AE2D5E201CCB
AFD55F8A1CCB
B18360ED1CCB
B33762481CCB
B4F1639B1CCB
B6B164E61CCB
B877662A1CCB
BA4267661CCB
BC1368991CCB
BDE969C51CCB
BFC46AE81CCB
C1A46C031CCB
C3896D151CCB
C5736E1F1CCB
C7616F201CCB
C95470191CCB
CB4B71091CCB
CD4671F01CCB
CF4572CE1CCB
D14873A31CCB
D34E74701CCB
D55875331CCB
D76575ED1CCB
D976769D1CCB
DB8977451CCB
DD9F77E31CCB
DFB878781CCB
E1D479041CCB
E3F279861CCB
E61279FE1CCB
E8347A6E1CCB
EA587AD31CCB
EC7D7B2F1CCB
EEA47B811CCB
F0CD7BCA1CCB
F2F77C091CCB
F5217C3F1CCB
F74D7C6A1CCB
F9797C8C1CCB
FBA67CA51CCB
FDD37CB31CCB
000000000000
000000000000
000000000000
000000000000
000000000000
000000000000
000000000000
000000000000
000000000000
000000000000
000000000000
000000000000
000000000000
000000000000
000000000000
000000000000
000000000000
000000000000
000000000000
000000000000
000000000000
000000000000
000000000000
000000000000
000000000000
000000000000
000000000000
000000000000
000000000000
000000000000
000000000000
000000000000
000000000000
000000000000
000000000000
000000000000
000000000000
000000000000
000000000000
000000000000
000000000000
000000000000
000000000000
000000000000
000000000000
000000000000
000000000000
000000000000
000000000000
000000000000
000000000000
000000000000
000000000000
000000000000
000000000000
000000000000
000000000000
000000000000
000000000000
000000000000
000000000000
000000000000
000000000000
000000000000
000000000000
000000000000
000000000000
000000000000
000000000000
000000000000
000000000000
000000000000
000000000000
000000000000
000000000000
000000000000
000000000000
000000000000
000000000000
000000000000
000000000000
000000000000
000000000000
000000000000
000000000000
000000000000
000000000000
000000000000
000000000000
000000000000
000000000000
000000000000
000000000000
000000000000
000000000000
000000000000
000000000000
000000000000
000000000000
000000000000
000000000000
000000000000
000000000000
000000000000
000000000000
000000000000
000000000000
000000000000
000000000000
000000000000
000000000000
000000000000
000000000000
000000000000
000000000000
000000000000
000000000000
000000000000
000000000000
000000000000
000000000000
000000000000
000000000000
000000000000
000000000000
000000000000
000000000000
000000000000
000000000000
000000000000
000000000000
000000000000
000000000000
000000000000
000000000000
000000000000
000000000000
000000000000
000000000000
000000000000
000000000000
000000000000
000000000000
000000000000
000000000000
000000000000
000000000000
000000000000
000000000000
000000000000
000000000000
000000000000
00007FFBFDC4
023C7FF6FDC4
04777FE7FDC4
06B37FCEFDC4
08ED7FABFDC4
0B277F7EFDC4
0D617F48FDC4
0F997F07FDC4
11D07EBCFDC4
14057E68FDC4
16397E09FDC4
186B7DA1FDC4
1A9C7D2FFDC4
1CCA7CB3FDC4
1EF67C2EFDC4
21207B9FFDC4
23477B06FDC4
256B7A63FDC4
278C79B7FDC4
29AB7902FDC4
2BC67843FDC4
2DDD777BFDC4
2FF176A9FDC4
320275CFFDC4
340E74EAFDC4
361673FDFDC4
381A7307FDC4
3A1A7208FDC4
3C157100FDC4
3E0C6FEFFDC4
3FFE6ED6FDC4
41EA6DB3FDC4
43D26C89FDC4
45B46B55FDC4
47916A1AFDC4
496868D6FDC4
4B3A678AFDC4
4D056636FDC4
4ECB64DAFDC4
508A6376FDC4
5244620AFDC4
53F66097FDC4
55A35F1CFDC4
57485D99FDC4
58E75C10FDC4
5A7F5A7FFDC4
5C1058E7FDC4
5D995748FDC4
5F1C55A3FDC4
609753F6FDC4
620A5244FDC4
6376508AFDC4
64DA4ECBFDC4
66364D05FDC4
678A4B3AFDC4
68D64968FDC4
6A1A4791FDC4
6B5545B4FDC4
6C8943D2FDC4
6DB341EAFDC4
6ED63FFEFDC4
6FEF3E0CFDC4
71003C15FDC4
72083A1AFDC4
7307381AFDC4
73FD3616FDC4
74EA340EFDC4
75CF3202FDC4
76A92FF1FDC4
777B2DDDFDC4
78432BC6FDC4
790229ABFDC4
79B7278CFDC4
7A63256BFDC4
7B062347FDC4
7B9F2120FDC4
7C2E1EF6FDC4
7CB31CCAFDC4
7D2F1A9CFDC4
7DA1186BFDC4
7E091639FDC4
7E681405FDC4
7EBC11D0FDC4
7F070F99FDC4
7F480D61FDC4
7F7E0B27FDC4
7FAB08EDFDC4
7FCE06B3FDC4
7FE70477FDC4
7FF6023CFDC4
7FFB0000FDC4
7FF6FDC4FDC4
7FE7FB89FDC4
7FCEF94DFDC4
7FABF713FDC4
7F7EF4D9FDC4
7F48F29FFDC4
7F07F067FDC4
7EBCEE30FDC4
7E68EBFBFDC4
7E09E9C7FDC4
7DA1E795FDC4
7D2FE564FDC4
7CB3E336FDC4
7C2EE10AFDC4
7B9FDEE0FDC4
7B06DCB9FDC4
7A63DA95FDC4
79B7D874FDC4
7902D655FDC4
7843D43AFDC4
777BD223FDC4
76A9D00FFDC4
75CFCDFEFDC4
74EACBF2FDC4
73FDC9EAFDC4
7307C7E6FDC4
7208C5E6FDC4
7100C3EBFDC4
6FEFC1F4FDC4
6ED6C002FDC4
6DB3BE16FDC4
6C89BC2EFDC4
6B55BA4CFDC4
6A1AB86FFDC4
68D6B698FDC4
678AB4C6FDC4
6636B2FBFDC4
64DAB135FDC4
6376AF76FDC4
620AADBCFDC4
6097AC0AFDC4
5F1CAA5DFDC4
5D99A8B8FDC4
5C10A719FDC4
5A7FA581FDC4
58E7A3F0FDC4
5748A267FDC4
55A3A0E4FDC4
53F69F69FDC4
52449DF6FDC4
508A9C8AFDC4
4ECB9B26FDC4
4D0599CAFDC4
4B3A9876FDC4
4968972AFDC4
479195E6FDC4
45B494ABFDC4
43D29377FDC4
41EA924DFDC4
3FFE912AFDC4
3E0C9011FDC4
3C158F00FDC4
3A1A8DF8FDC4
381A8CF9FDC4
36168C03FDC4
340E8B16FDC4
32028A31FDC4
2FF18957FDC4
2DDD8885FDC4
2BC687BDFDC4
29AB86FEFDC4
278C8649FDC4
256B859DFDC4
234784FAFDC4
21208461FDC4
1EF683D2FDC4
1CCA834DFDC4
1A9C82D1FDC4
186B825FFDC4
163981F7FDC4
14058198FDC4
11D08144FDC4
0F9980F9FDC4
0D6180B8FDC4
0B278082FDC4
08ED8055FDC4
06B38032FDC4
04778019FDC4
023C800AFDC4
00008005FDC4
FDC4800AFDC4
FB898019FDC4
F94D8032FDC4
F7138055FDC4
F4D98082FDC4
F29F80B8FDC4
F06780F9FDC4
EE308144FDC4
EBFB8198FDC4
E9C781F7FDC4
E795825FFDC4
E56482D1FDC4
E336834DFDC4
E10A83D2FDC4
DEE08461FDC4
DCB984FAFDC4
DA95859DFDC4
D8748649FDC4
D65586FEFDC4
D43A87BDFDC4
D2238885FDC4
D00F8957FDC4
CDFE8A31FDC4
CBF28B16FDC4
C9EA8C03FDC4
C7E68CF9FDC4
C5E68DF8FDC4
C3EB8F00FDC4
C1F49011FDC4
C002912AFDC4
BE16924DFDC4
BC2E9377FDC4
BA4C94ABFDC4
B86F95E6FDC4
B698972AFDC4
B4C69876FDC4
B2FB99CAFDC4
B1359B26FDC4
AF769C8AFDC4
ADBC9DF6FDC4
AC0A9F69FDC4
AA5DA0E4FDC4
A8B8A267FDC4
A719A3F0FDC4
A581A581FDC4
A3F0A719FDC4
A267A8B8FDC4
A0E4AA5DFDC4
9F69AC0AFDC4
9DF6ADBCFDC4
9C8AAF76FDC4
9B26B135FDC4
99CAB2FBFDC4
9876B4C6FDC4
972AB698FDC4
95E6B86FFDC4
94ABBA4CFDC4
9377BC2EFDC4
924DBE16FDC4
912AC002FDC4
9011C1F4FDC4
8F00C3EBFDC4
8DF8C5E6FDC4
8CF9C7E6FDC4
8C03C9EAFDC4
8B16CBF2FDC4
8A31CDFEFDC4
8957D00FFDC4
8885D223FDC4
87BDD43AFDC4
86FED655FDC4
8649D874FDC4
859DDA95FDC4
84FADCB9FDC4
8461DEE0FDC4
83D2E10AFDC4
834DE336FDC4
82D1E564FDC4
825FE795FDC4
81F7E9C7FDC4
8198EBFBFDC4
8144EE30FDC4
80F9F067FDC4
80B8F29FFDC4
8082F4D9FDC4
8055F713FDC4
8032F94DFDC4
8019FB89FDC4
800AFDC4FDC4
80050000FDC4
800A023CFDC4
80190477FDC4
803206B3FDC4
805508EDFDC4
80820B27FDC4
80B80D61FDC4
80F90F99FDC4
814411D0FDC4
81981405FDC4
81F71639FDC4
825F186BFDC4
82D11A9CFDC4
834D1CCAFDC4
83D21EF6FDC4
84612120FDC4
84FA2347FDC4
859D256BFDC4
8649278CFDC4
86FE29ABFDC4
87BD2BC6FDC4
88852DDDFDC4
89572FF1FDC4
8A313202FDC4
8B16340EFDC4
8C033616FDC4
8CF9381AFDC4
8DF83A1AFDC4
8F003C15FDC4
90113E0CFDC4
912A3FFEFDC4
924D41EAFDC4
937743D2FDC4
94AB45B4FDC4
95E64791FDC4
972A4968FDC4
98764B3AFDC4
99CA4D05FDC4
9B264ECBFDC4
9C8A508AFDC4
9DF65244FDC4
9F6953F6FDC4
A0E455A3FDC4
A2675748FDC4
A3F058E7FDC4
A5815A7FFDC4
A7195C10FDC4
A8B85D99FDC4
AA5D5F1CFDC4
AC0A6097FDC4
ADBC620AFDC4
AF766376FDC4
B13564DAFDC4
B2FB6636FDC4
B4C6678AFDC4
B69868D6FDC4
B86F6A1AFDC4
BA4C6B55FDC4
BC2E6C89FDC4
BE166DB3FDC4
C0026ED6FDC4
C1F46FEFFDC4
C3EB7100FDC4
C5E67208FDC4
C7E67307FDC4
C9EA73FDFDC4
CBF274EAFDC4
CDFE75CFFDC4
D00F76A9FDC4
D223777BFDC4
D43A7843FDC4
D6557902FDC4
D87479B7FDC4
DA957A63FDC4
DCB97B06FDC4
DEE07B9FFDC4
E10A7C2EFDC4
E3367CB3FDC4
E5647D2FFDC4
E7957DA1FDC4
E9C77E09FDC4
EBFB7E68FDC4
EE307EBCFDC4
F0677F07FDC4
F29F7F48FDC4
F4D97F7EFDC4
F7137FABFDC4
F94D7FCEFDC4
FB897FE7FDC4
FDC47FF6FDC4
000000000000
000000000000
000000000000
000000000000
000000000000
000000000000
000000000000
000000000000
000000000000
000000000000
000000000000
000000000000
000000000000
000000000000
000000000000
000000000000
000000000000
000000000000
000000000000
000000000000
000000000000
000000000000
000000000000
000000000000
000000000000
000000000000
000000000000
000000000000
000000000000
000000000000
000000000000
000000000000
000000000000
000000000000
000000000000
000000000000
000000000000
000000000000
000000000000
000000000000
000000000000
000000000000
000000000000
000000000000
000000000000
000000000000
000000000000
000000000000
000000000000
000000000000
000000000000
000000000000
000000000000
000000000000
000000000000
000000000000
000000000000
000000000000
000000000000
000000000000
000000000000
000000000000
000000000000
000000000000
000000000000
000000000000
000000000000
000000000000
000000000000
000000000000
000000000000
000000000000
000000000000
000000000000
000000000000
000000000000
000000000000
000000000000
000000000000
000000000000
000000000000
000000000000
000000000000
000000000000
000000000000
000000000000
000000000000
000000000000
000000000000
000000000000
000000000000
000000000000
000000000000
000000000000
000000000000
000000000000
000000000000
000000000000
000000000000
000000000000
000000000000
000000000000
000000000000
000000000000
000000000000
000000000000
000000000000
000000000000
000000000000
000000000000
000000000000
000000000000
000000000000
000000000000
000000000000
000000000000
000000000000
000000000000
000000000000
000000000000
000000000000
000000000000
000000000000
000000000000
000000000000
000000000000
000000000000
000000000000
000000000000
000000000000
000000000000
000000000000
000000000000
000000000000
000000000000
000000000000
000000000000
000000000000
000000000000
000000000000
000000000000
000000000000
000000000000
000000000000
000000000000
000000000000
000000000000
000000000000
000000000000
000000000000
000000000000
000000000000
00007BA32121
02287B9F2121
04517B902121
06797B782121
08A07B562121
0AC77B2B2121
0CEC7AF62121
0F117AB82121
11357A6F2121
13577A1E2121
157879C32121
1797795E2121
19B578F02121
1BD078782121
1DE977F72121
2000776D2121
221476D92121
2426763C2121
263575962121
284174E72121
2A49742F2121
2C4F736D2121
2E5172A32121
304F71CF2121
324A70F32121
3440700E2121
36336F202121
38216E2A2121
3A0B6D2B2121
3BF16C232121
3DD26B132121
3FAE69FB2121
418568DA2121
435767B12121
452366802121
46EB65472121
48AC64072121
4A6862BE2121
4C1F616E2121
4DCF60162121
4F795EB62121
511D5D502121
52BB5BE22121
54525A6C2121
55E358F02121
576D576D2121
58F055E32121
5A6C54522121
5BE252BB2121
5D50511D2121
5EB64F792121
60164DCF2121
616E4C1F2121
62BE4A682121
640748AC2121
654746EB2121
668045232121
67B143572121
68DA41852121
69FB3FAE2121
6B133DD22121
6C233BF12121
6D2B3A0B2121
6E2A38212121
6F2036332121
700E34402121
70F3324A2121
71CF304F2121
72A32E512121
736D2C4F2121
742F2A492121
74E728412121
759626352121
763C24262121
76D922142121
776D20002121
77F71DE92121
78781BD02121
78F019B52121
795E17972121
79C315782121
7A1E13572121
7A6F11352121
7AB80F112121
7AF60CEC2121
7B2B0AC72121
7B5608A02121
7B7806792121
7B9004512121
7B9F02282121
7BA300002121
7B9FFDD82121
7B90FBAF2121
7B78F9872121
7B56F7602121
7B2BF5392121
7AF6F3142121
7AB8F0EF2121
7A6FEECB2121
7A1EECA92121
79C3EA882121
795EE8692121
78F0E64B2121
7878E4302121
77F7E2172121
776DE0002121
76D9DDEC2121
763CDBDA2121
7596D9CB2121
74E7D7BF2121
742FD5B72121
736DD3B12121
72A3D1AF2121
71CFCFB12121
70F3CDB62121
700ECBC02121
6F20C9CD2121
6E2AC7DF2121
6D2BC5F52121
6C23C40F2121
6B13C22E2121
69FBC0522121
68DABE7B2121
67B1BCA92121
6680BADD2121
6547B9152121
6407B7542121
62BEB5982121
616EB3E12121
6016B2312121
5EB6B0872121
5D50AEE32121
5BE2AD452121
5A6CABAE2121
58F0AA1D2121
576DA8932121
55E3A7102121
5452A5942121
52BBA41E2121
511DA2B02121
4F79A14A2121
4DCF9FEA2121
4C1F9E922121
4A689D422121
48AC9BF92121
46EB9AB92121
452399802121
4357984F2121
418597262121
3FAE96052121
3DD294ED2121
3BF193DD2121
3A0B92D52121
382191D62121
363390E02121
34408FF22121
324A8F0D2121
304F8E312121
2E518D5D2121
2C4F8C932121
2A498BD12121
28418B192121
26358A6A2121
242689C42121
221489272121
200088932121
1DE988092121
1BD087882121
19B587102121
179786A22121
1578863D2121
135785E22121
113585912121
0F1185482121
0CEC850A2121
0AC784D52121
08A084AA2121
067984882121
045184702121
022884612121
0000845D2121
FDD884612121
FBAF84702121
F98784882121
F76084AA2121
F53984D52121
F314850A2121
F0EF85482121
EECB85912121
ECA985E22121
EA88863D2121
E86986A22121
E64B87102121
E43087882121
E21788092121
E00088932121
DDEC89272121
DBDA89C42121
D9CB8A6A2121
D7BF8B192121
D5B78BD12121
D3B18C932121
D1AF8D5D2121
CFB18E312121
CDB68F0D2121
CBC08FF22121
C9CD90E02121
C7DF91D62121
C5F592D52121
C40F93DD2121
C22E94ED2121
C05296052121
BE7B97262121
BCA9984F2121
BADD99802121
B9159AB92121
B7549BF92121
B5989D422121
B3E19E922121
B2319FEA2121
B087A14A2121
AEE3A2B02121
AD45A41E2121
ABAEA5942121
AA1DA7102121
A893A8932121
A710AA1D2121
A594ABAE2121
A41EAD452121
A2B0AEE32121
A14AB0872121
9FEAB2312121
9E92B3E12121
9D42B5982121
9BF9B7542121
9AB9B9152121
9980BADD2121
984FBCA92121
9726BE7B2121
9605C0522121
94EDC22E2121
93DDC40F2121
92D5C5F52121
91D6C7DF2121
90E0C9CD2121
8FF2CBC02121
8F0DCDB62121
8E31CFB12121
8D5DD1AF2121
8C93D3B12121
8BD1D5B72121
8B19D7BF2121
8A6AD9CB2121
89C4DBDA2121
8927DDEC2121
8893E0002121
8809E2172121
8788E4302121
8710E64B2121
86A2E8692121
863DEA882121
85E2ECA92121
8591EECB2121
8548F0EF2121
850AF3142121
84D5F5392121
84AAF7602121
8488F9872121
8470FBAF2121
8461FDD82121
845D00002121
846102282121
847004512121
848806792121
84AA08A02121
84D50AC72121
850A0CEC2121
85480F112121
859111352121
85E213572121
863D15782121
86A217972121
871019B52121
87881BD02121
88091DE92121
889320002121
892722142121
89C424262121
8A6A26352121
8B1928412121
8BD12A492121
8C932C4F2121
8D5D2E512121
8E31304F2121
8F0D324A2121
8FF234402121
90E036332121
91D638212121
92D53A0B2121
93DD3BF12121
94ED3DD22121
96053FAE2121
972641852121
984F43572121
998045232121
9AB946EB2121
9BF948AC2121
9D424A682121
9E924C1F2121
9FEA4DCF2121
A14A4F792121
A2B0511D2121
A41E52BB2121
A59454522121
A71055E32121
A893576D2121
AA1D58F02121
ABAE5A6C2121
AD455BE22121
AEE35D502121
B0875EB62121
B23160162121
B3E1616E2121
B59862BE2121
B75464072121
B91565472121
BADD66802121
BCA967B12121
BE7B68DA2121
C05269FB2121
C22E6B132121
C40F6C232121
C5F56D2B2121
C7DF6E2A2121
C9CD6F202121
CBC0700E2121
CDB670F32121
CFB171CF2121
D1AF72A32121
D3B1736D2121
D5B7742F2121
D7BF74E72121
D9CB75962121
DBDA763C2121
DDEC76D92121
E000776D2121
E21777F72121
E43078782121
E64B78F02121
E869795E2121
EA8879C32121
ECA97A1E2121
EECB7A6F2121
F0EF7AB82121
F3147AF62121
F5397B2B2121
F7607B562121
F9877B782121
FBAF7B902121
FDD87B9F2121
000000000000
000000000000
000000000000
000000000000
000000000000
000000000000
000000000000
000000000000
000000000000
000000000000
000000000000
000000000000
000000000000
000000000000
000000000000
000000000000
000000000000
000000000000
000000000000
000000000000
000000000000
000000000000
000000000000
000000000000
000000000000
000000000000
000000000000
000000000000
000000000000
000000000000
000000000000
000000000000
000000000000
000000000000
000000000000
000000000000
000000000000
000000000000
000000000000
000000000000
000000000000
000000000000
000000000000
000000000000
000000000000
000000000000
000000000000
000000000000
000000000000
000000000000
000000000000
000000000000
000000000000
000000000000
000000000000
000000000000
000000000000
000000000000
000000000000
000000000000
000000000000
000000000000
000000000000
000000000000
000000000000
000000000000
000000000000
000000000000
000000000000
000000000000
000000000000
000000000000
000000000000
000000000000
000000000000
000000000000
000000000000
000000000000
000000000000
000000000000
000000000000
000000000000
000000000000
000000000000
000000000000
000000000000
000000000000
000000000000
000000000000
000000000000
000000000000
000000000000
000000000000
000000000000
000000000000
000000000000
000000000000
000000000000
000000000000
000000000000
000000000000
000000000000
000000000000
000000000000
000000000000
000000000000
000000000000
000000000000
000000000000
000000000000
000000000000
000000000000
000000000000
000000000000
000000000000
000000000000
000000000000
000000000000
000000000000
000000000000
000000000000
000000000000
000000000000
000000000000
000000000000
000000000000
000000000000
000000000000
000000000000
000000000000
000000000000
000000000000
000000000000
000000000000
000000000000
000000000000
000000000000
000000000000
000000000000
000000000000
000000000000
000000000000
000000000000
000000000000
000000000000
000000000000
000000000000
000000000000
000000000000
000000000000
000000000000
000000000000
